ISO,Year,HDI_UNDP,IHDI,PHDI,GII,GDI,VDem_Score
AFG,2010,0.465,0.297,0.46,0.704,0.695,
AFG,2011,0.474,0.303,0.468,0.716,0.685,
AFG,2012,0.484,0.313,0.478,0.731,0.653,
AFG,2013,0.492,0.32,0.486,0.708,0.681,
AFG,2014,0.497,0.323,0.492,0.687,0.673,
AFG,2015,0.496,0.322,0.491,0.683,0.695,
AFG,2016,0.495,0.323,0.49,0.682,0.696,
AFG,2017,0.496,0.322,0.492,0.679,0.709,
AFG,2018,0.498,0.325,0.493,0.677,0.715,
AFG,2019,0.507,0.331,0.501,0.676,0.716,
AFG,2020,0.501,0.328,0.496,0.674,0.715,
AFG,2021,0.486,0.319,0.482,0.642,0.737,
AFG,2022,0.495,0.319,0.491,0.665,0.656,
AFG,2023,0.496,0.321,0.492,0.661,0.66,
ALB,2010,0.769,0.665,0.716,0.192,0.956,
ALB,2011,0.781,0.676,0.727,0.194,0.959,
ALB,2012,0.79,0.686,0.742,0.197,0.963,
ALB,2013,0.793,0.69,0.746,0.194,0.963,
ALB,2014,0.797,0.677,0.744,0.19,0.957,
ALB,2015,0.797,0.685,0.747,0.179,0.968,
ALB,2016,0.797,0.681,0.742,0.162,0.967,
ALB,2017,0.798,0.684,0.748,0.145,0.964,
ALB,2018,0.801,0.689,0.752,0.138,0.964,
ALB,2019,0.805,0.696,0.757,0.131,0.964,
ALB,2020,0.794,0.691,0.741,0.125,0.978,
ALB,2021,0.794,0.69,0.744,0.109,0.977,
ALB,2022,0.806,0.701,0.754,0.107,0.974,
ALB,2023,0.81,0.705,0.755,0.107,0.963,
DZA,2010,0.718,,0.666,0.508,0.85,
DZA,2011,0.718,,0.665,0.496,0.856,
DZA,2012,0.723,0.562,0.669,0.407,0.865,
DZA,2013,0.727,0.566,0.673,0.403,0.868,
DZA,2014,0.732,0.571,0.676,0.399,0.865,
DZA,2015,0.737,0.575,0.677,0.397,0.873,
DZA,2016,0.743,0.58,0.683,0.392,0.879,
DZA,2017,0.746,0.583,0.687,0.397,0.882,
DZA,2018,0.749,0.587,0.688,0.383,0.882,
DZA,2019,0.753,0.59,0.693,0.385,0.884,
DZA,2020,0.742,0.583,0.687,0.383,0.887,
DZA,2021,0.755,0.594,0.699,0.442,0.887,
DZA,2022,0.761,0.599,0.703,0.443,0.888,
DZA,2023,0.763,0.601,0.706,0.443,0.887,
AND,2010,0.87,,,,,
AND,2011,0.875,,,,,
AND,2012,0.876,,,,,
AND,2013,0.862,,,,,
AND,2014,0.866,,,,,
AND,2015,0.869,,,,,
AND,2016,0.872,0.787,,,,
AND,2017,0.873,0.788,,,,
AND,2018,0.875,0.789,,,,
AND,2019,0.876,0.791,,,,
AND,2020,0.851,0.764,,,,
AND,2021,0.871,0.786,,,,
AND,2022,0.893,0.819,,,,
AND,2023,0.913,0.837,,,,
AGO,2010,0.528,,0.506,0.556,0.87,
AGO,2011,0.545,,0.52,0.549,0.833,
AGO,2012,0.557,,0.532,0.55,0.847,
AGO,2013,0.567,,0.541,0.551,0.86,
AGO,2014,0.577,,0.552,0.553,0.871,
AGO,2015,0.603,0.372,0.576,0.549,0.877,
AGO,2016,0.609,0.378,0.585,0.544,0.894,
AGO,2017,0.61,0.38,0.591,0.547,0.898,
AGO,2018,0.611,0.382,0.592,0.539,0.901,
AGO,2019,0.611,0.354,0.597,0.536,0.89,
AGO,2020,0.61,0.354,0.596,0.533,0.906,
AGO,2021,0.609,0.355,0.597,0.532,0.898,
AGO,2022,0.615,0.359,0.602,0.524,0.905,
AGO,2023,0.616,0.36,0.604,0.515,0.906,
ATG,2010,0.828,,,,,
ATG,2011,0.828,,,,,
ATG,2012,0.833,,,,,
ATG,2013,0.835,,,,,
ATG,2014,0.837,,,,,
ATG,2015,0.839,,,,,
ATG,2016,0.842,,,,,
ATG,2017,0.845,,,,,
ATG,2018,0.85,,,,1.038,
ATG,2019,0.851,,,,1.029,
ATG,2020,0.84,,,,1.027,
ATG,2021,0.843,,,0.225,1.028,
ATG,2022,0.848,,,0.224,1.03,
ATG,2023,0.851,,,0.24,1.031,
ARG,2010,0.844,0.723,0.756,0.37,1.0,
ARG,2011,0.852,0.732,0.755,0.364,0.996,
ARG,2012,0.85,0.739,0.756,0.353,0.995,
ARG,2013,0.852,0.741,0.752,0.352,0.993,
ARG,2014,0.855,0.744,0.757,0.347,0.994,
ARG,2015,0.859,0.748,0.757,0.338,0.996,
ARG,2016,0.857,0.747,0.758,0.333,0.991,
ARG,2017,0.861,0.752,0.752,0.321,0.989,
ARG,2018,0.861,0.75,0.763,0.301,0.993,
ARG,2019,0.861,0.75,0.764,0.283,0.991,
ARG,2020,0.851,0.742,0.758,0.285,0.994,
ARG,2021,0.847,0.743,0.751,0.272,0.987,
ARG,2022,0.858,0.754,0.756,0.262,0.986,
ARG,2023,0.865,0.761,0.763,0.264,0.988,
ARM,2010,0.747,0.668,0.71,0.352,0.972,
ARM,2011,0.752,0.675,0.714,0.351,0.977,
ARM,2012,0.761,0.683,0.721,0.326,0.977,
ARM,2013,0.766,0.687,0.726,0.314,0.975,
ARM,2014,0.772,0.691,0.731,0.309,0.979,
ARM,2015,0.777,0.696,0.736,0.301,0.979,
ARM,2016,0.783,0.702,0.744,0.296,0.978,
ARM,2017,0.785,0.704,0.744,0.254,0.98,
ARM,2018,0.789,0.706,0.746,0.242,0.997,
ARM,2019,0.796,0.723,0.75,0.216,0.982,
ARM,2020,0.761,0.693,0.713,0.207,1.032,
ARM,2021,0.786,0.718,0.74,0.185,0.987,
ARM,2022,0.801,0.733,0.753,0.18,1.006,
ARM,2023,0.811,0.743,0.761,0.18,1.006,
AUS,2010,0.929,0.838,0.624,0.137,0.964,
AUS,2011,0.933,0.841,0.632,0.132,0.966,
AUS,2012,0.938,0.847,0.641,0.131,0.962,
AUS,2013,0.935,0.844,0.653,0.122,0.962,
AUS,2014,0.937,0.85,0.657,0.116,0.961,
AUS,2015,0.938,0.851,0.667,0.109,0.964,
AUS,2016,0.939,0.856,0.669,0.101,0.966,
AUS,2017,0.94,0.857,0.659,0.094,0.967,
AUS,2018,0.945,0.86,0.668,0.091,0.971,
AUS,2019,0.947,0.861,0.671,0.079,0.971,
AUS,2020,0.95,0.864,0.689,0.072,0.972,
AUS,2021,0.954,0.867,0.692,0.065,0.972,
AUS,2022,0.952,0.867,0.694,0.056,0.98,
AUS,2023,0.958,0.873,0.7,0.056,0.977,
AUT,2010,0.912,0.835,0.729,0.105,0.975,
AUT,2011,0.915,0.845,0.731,0.097,0.975,
AUT,2012,0.916,0.846,0.738,0.094,0.975,
AUT,2013,0.915,0.843,0.741,0.083,0.97,
AUT,2014,0.919,0.851,0.75,0.081,0.97,
AUT,2015,0.919,0.851,0.756,0.083,0.969,
AUT,2016,0.921,0.852,0.753,0.081,0.973,
AUT,2017,0.922,0.852,0.756,0.071,0.971,
AUT,2018,0.925,0.86,0.757,0.06,0.972,
AUT,2019,0.928,0.859,0.763,0.052,0.975,
AUT,2020,0.925,0.859,0.766,0.048,0.978,
AUT,2021,0.93,0.864,0.755,0.042,0.983,
AUT,2022,0.927,0.858,0.758,0.038,0.982,
AUT,2023,0.93,0.861,0.757,0.033,0.985,
AZE,2010,0.744,0.653,0.701,0.333,0.947,
AZE,2011,0.746,0.657,0.702,0.332,0.944,
AZE,2012,0.751,0.664,0.702,0.339,0.937,
AZE,2013,0.757,0.672,0.701,0.342,0.941,
AZE,2014,0.766,0.681,0.712,0.346,0.951,
AZE,2015,0.771,0.712,0.719,0.341,0.952,
AZE,2016,0.772,0.715,0.725,0.328,0.944,
AZE,2017,0.774,0.719,0.726,0.323,0.95,
AZE,2018,0.775,0.717,0.73,0.32,0.953,
AZE,2019,0.78,0.722,0.726,0.314,0.957,
AZE,2020,0.757,0.701,0.705,0.332,0.971,
AZE,2021,0.765,0.711,0.715,0.315,0.964,
AZE,2022,0.784,0.729,0.732,0.317,0.965,
AZE,2023,0.789,0.735,0.737,0.315,0.983,
BHS,2010,0.801,,0.701,0.371,1.007,
BHS,2011,0.802,,0.691,0.387,1.009,
BHS,2012,0.805,,0.708,0.394,1.009,
BHS,2013,0.805,0.648,0.715,0.374,1.006,
BHS,2014,0.807,0.649,0.715,0.384,1.009,
BHS,2015,0.807,0.648,0.725,0.366,1.007,
BHS,2016,0.808,0.651,0.709,0.357,1.008,
BHS,2017,0.81,0.653,0.703,0.333,1.008,
BHS,2018,0.812,0.655,0.683,0.331,1.007,
BHS,2019,0.8,0.637,0.686,0.335,0.996,
BHS,2020,0.797,0.648,0.713,0.326,1.009,
BHS,2021,0.794,0.645,0.692,0.329,1.007,
BHS,2022,0.818,0.664,0.712,0.327,1.011,
BHS,2023,0.82,0.67,0.712,0.325,1.015,
BHR,2010,0.81,,0.556,0.253,0.947,
BHR,2011,0.817,,0.561,0.241,0.943,
BHR,2012,0.833,,0.552,0.238,0.949,
BHR,2013,0.846,,0.534,0.236,0.946,
BHR,2014,0.847,,0.546,0.233,0.943,
BHR,2015,0.868,,0.567,0.244,0.931,
BHR,2016,0.871,,0.602,0.237,0.933,
BHR,2017,0.874,,0.617,0.235,0.931,
BHR,2018,0.886,,0.613,0.204,0.929,
BHR,2019,0.894,,0.614,0.191,0.962,
BHR,2020,0.885,,0.612,0.189,0.971,
BHR,2021,0.885,,0.626,0.191,0.942,
BHR,2022,0.902,,0.639,0.177,0.957,
BHR,2023,0.899,,0.632,0.165,0.957,
BGD,2010,0.561,0.385,0.552,0.603,0.858,
BGD,2011,0.572,0.395,0.562,0.597,0.864,
BGD,2012,0.583,0.402,0.571,0.583,0.868,
BGD,2013,0.589,0.407,0.576,0.578,0.889,
BGD,2014,0.6,0.421,0.59,0.569,0.881,
BGD,2015,0.621,0.437,0.609,0.563,0.883,
BGD,2016,0.632,0.435,0.617,0.557,0.892,
BGD,2017,0.633,0.441,0.617,0.541,0.904,
BGD,2018,0.646,0.45,0.629,0.532,0.902,
BGD,2019,0.656,0.455,0.638,0.52,0.909,
BGD,2020,0.663,0.461,0.645,0.5,0.916,
BGD,2021,0.663,0.461,0.645,0.494,0.922,
BGD,2022,0.68,0.479,0.661,0.487,0.919,
BGD,2023,0.685,0.482,0.666,0.487,0.918,
BRB,2010,0.797,,,0.356,1.014,
BRB,2011,0.794,,,0.353,1.016,
BRB,2012,0.797,0.605,,0.352,1.016,
BRB,2013,0.798,0.606,,0.342,1.019,
BRB,2014,0.799,0.607,,0.337,1.023,
BRB,2015,0.8,0.608,,0.341,1.025,
BRB,2016,0.803,0.611,,0.34,1.038,
BRB,2017,0.804,0.612,,0.34,1.027,
BRB,2018,0.806,0.614,,0.322,1.029,
BRB,2019,0.808,0.616,,0.316,1.031,
BRB,2020,0.803,0.613,,0.302,1.031,
BRB,2021,0.803,0.613,,0.303,1.031,
BRB,2022,0.807,0.617,,0.298,1.037,
BRB,2023,0.811,0.62,,0.297,1.035,
BLR,2010,0.803,,,0.149,1.035,
BLR,2011,0.812,,,0.146,1.031,
BLR,2012,0.818,0.753,,0.152,1.028,
BLR,2013,0.821,0.757,,0.147,1.023,
BLR,2014,0.825,0.76,,0.138,1.019,
BLR,2015,0.825,0.763,,0.128,1.017,
BLR,2016,0.825,0.766,,0.119,1.014,
BLR,2017,0.828,0.768,,0.109,1.009,
BLR,2018,0.827,0.768,,0.102,1.003,
BLR,2019,0.826,0.77,,0.096,1.002,
BLR,2020,0.815,0.762,,0.094,1.006,
BLR,2021,0.817,0.764,,0.092,1.006,
BLR,2022,0.824,0.771,,0.088,1.001,
BLR,2023,0.824,0.771,,0.08,1.009,
BEL,2010,0.921,0.836,0.617,0.09,0.968,
BEL,2011,0.923,0.843,0.647,0.087,0.967,
BEL,2012,0.923,0.842,0.658,0.082,0.968,
BEL,2013,0.925,0.849,0.682,0.073,0.967,
BEL,2014,0.93,0.852,0.688,0.066,0.969,
BEL,2015,0.933,0.859,0.71,0.062,0.969,
BEL,2016,0.936,0.861,0.671,0.058,0.971,
BEL,2017,0.94,0.865,0.69,0.056,0.971,
BEL,2018,0.942,0.866,0.677,0.052,0.971,
BEL,2019,0.945,0.875,0.682,0.047,0.973,
BEL,2020,0.939,0.873,0.696,0.044,0.974,
BEL,2021,0.948,0.885,0.666,0.042,0.978,
BEL,2022,0.945,0.879,0.671,0.038,0.981,
BEL,2023,0.951,0.891,0.666,0.031,0.979,
BLZ,2010,0.727,,0.696,0.406,0.962,
BLZ,2011,0.725,,0.692,0.409,0.965,
BLZ,2012,0.727,,0.698,0.384,0.97,
BLZ,2013,0.724,,0.688,0.401,0.961,
BLZ,2014,0.721,,0.69,0.413,0.977,
BLZ,2015,0.721,,0.676,0.429,0.977,
BLZ,2016,0.727,,0.682,0.44,0.98,
BLZ,2017,0.722,,0.678,0.464,0.982,
BLZ,2018,0.723,,0.684,0.466,0.982,
BLZ,2019,0.725,,0.682,0.461,0.995,
BLZ,2020,0.713,,0.667,0.469,0.987,
BLZ,2021,0.713,,0.666,0.436,0.976,
BLZ,2022,0.717,,0.667,0.436,0.981,
BLZ,2023,0.721,,0.67,0.428,0.981,
BEN,2010,0.485,,0.47,0.637,0.838,
BEN,2011,0.49,,0.475,0.652,0.838,
BEN,2012,0.497,,0.482,0.653,0.836,
BEN,2013,0.506,,0.49,0.652,0.841,
BEN,2014,0.509,,0.49,0.653,0.844,
BEN,2015,0.511,,0.497,0.659,0.85,
BEN,2016,0.51,,0.498,0.659,0.858,
BEN,2017,0.507,,0.494,0.656,0.859,
BEN,2018,0.507,,0.494,0.645,0.859,
BEN,2019,0.507,0.309,0.495,0.636,0.848,
BEN,2020,0.504,0.308,0.491,0.638,0.862,
BEN,2021,0.506,0.309,0.494,0.634,0.86,
BEN,2022,0.512,0.313,0.5,0.64,0.85,
BEN,2023,0.515,0.316,0.504,0.573,0.866,
BTN,2010,0.593,0.384,0.544,0.442,0.951,
BTN,2011,0.603,0.391,0.555,0.413,0.955,
BTN,2012,0.609,0.403,0.561,0.392,0.967,
BTN,2013,0.616,0.409,0.564,0.43,0.954,
BTN,2014,0.626,0.417,0.549,0.404,0.953,
BTN,2015,0.637,0.425,0.551,0.385,0.957,
BTN,2016,0.647,0.433,0.553,0.363,0.94,
BTN,2017,0.656,0.425,0.56,0.347,0.942,
BTN,2018,0.667,0.433,0.568,0.277,0.963,
BTN,2019,0.68,0.442,0.589,0.265,0.976,
BTN,2020,0.688,0.447,0.591,0.266,0.982,
BTN,2021,0.691,0.45,0.591,0.266,0.985,
BTN,2022,0.695,0.475,0.593,0.283,0.973,
BTN,2023,0.698,0.478,0.593,0.278,0.958,
BOL,2010,0.677,0.468,0.64,0.48,0.932,
BOL,2011,0.683,0.494,0.643,0.476,0.931,
BOL,2012,0.685,0.494,0.645,0.479,0.934,
BOL,2013,0.699,0.508,0.657,0.473,0.934,
BOL,2014,0.701,0.514,0.655,0.435,0.942,
BOL,2015,0.704,0.524,0.652,0.441,0.941,
BOL,2016,0.714,0.525,0.661,0.433,0.942,
BOL,2017,0.715,0.531,0.661,0.431,0.944,
BOL,2018,0.722,0.55,0.665,0.43,0.953,
BOL,2019,0.728,0.563,0.67,0.429,0.954,
BOL,2020,0.697,0.533,0.646,0.431,0.977,
BOL,2021,0.693,0.547,0.639,0.423,0.975,
BOL,2022,0.727,0.572,0.67,0.421,0.963,
BOL,2023,0.733,0.578,0.675,0.419,0.961,
BIH,2010,0.725,0.594,0.655,,0.942,
BIH,2011,0.731,0.6,0.653,,0.94,
BIH,2012,0.742,0.608,0.665,,0.939,
BIH,2013,0.756,0.62,0.679,,0.935,
BIH,2014,0.765,0.628,0.692,,0.936,
BIH,2015,0.769,0.628,0.685,,0.939,
BIH,2016,0.776,0.647,0.683,0.169,0.936,
BIH,2017,0.78,0.646,0.686,0.167,0.932,
BIH,2018,0.785,0.66,0.688,0.17,0.941,
BIH,2019,0.788,0.654,0.693,0.153,0.945,
BIH,2020,0.783,0.669,0.681,0.144,0.954,
BIH,2021,0.783,0.669,0.687,0.138,0.96,
BIH,2022,0.799,0.681,0.698,0.158,0.973,
BIH,2023,0.804,0.689,0.701,0.157,0.967,
BWA,2010,0.652,,0.612,0.509,0.981,
BWA,2011,0.661,,0.617,0.53,0.978,
BWA,2012,0.667,,0.624,0.538,0.965,
BWA,2013,0.676,,0.623,0.498,0.971,
BWA,2014,0.685,,0.638,0.502,0.967,
BWA,2015,0.69,0.449,0.654,0.505,0.969,
BWA,2016,0.696,0.478,0.65,0.48,0.971,
BWA,2017,0.704,0.485,0.668,0.459,0.974,
BWA,2018,0.71,0.49,0.667,0.492,0.977,
BWA,2019,0.718,0.496,0.678,0.466,0.979,
BWA,2020,0.718,0.498,0.684,0.497,0.993,
BWA,2021,0.7,0.486,0.669,0.495,0.996,
BWA,2022,0.729,0.507,0.695,0.492,0.999,
BWA,2023,0.731,0.509,0.698,0.49,0.997,
BRA,2010,0.748,0.566,0.665,0.447,0.996,
BRA,2011,0.753,0.569,0.662,0.446,0.996,
BRA,2012,0.758,0.529,0.666,0.441,0.994,
BRA,2013,0.762,0.539,0.667,0.445,0.994,
BRA,2014,0.765,0.545,0.672,0.441,0.994,
BRA,2015,0.764,0.549,0.677,0.436,0.993,
BRA,2016,0.765,0.579,0.68,0.432,0.994,
BRA,2017,0.77,0.581,0.685,0.422,0.996,
BRA,2018,0.774,0.585,0.691,0.401,0.996,
BRA,2019,0.776,0.589,0.692,0.398,0.996,
BRA,2020,0.77,0.598,0.688,0.411,0.993,
BRA,2021,0.768,0.582,0.687,0.405,1.003,
BRA,2022,0.78,0.589,0.697,0.39,1.003,
BRA,2023,0.786,0.594,0.702,0.39,1.002,
BRN,2010,0.83,,0.627,,0.986,
BRN,2011,0.834,0.742,0.584,,0.988,
BRN,2012,0.841,0.748,0.587,,0.991,
BRN,2013,0.842,0.748,0.592,,0.995,
BRN,2014,0.841,0.748,0.609,,1.001,
BRN,2015,0.839,0.745,0.626,,0.998,
BRN,2016,0.838,0.742,0.642,0.312,0.998,
BRN,2017,0.837,0.749,0.617,0.286,1.003,
BRN,2018,0.837,0.752,0.613,0.286,0.996,
BRN,2019,0.835,0.75,0.593,0.286,0.996,
BRN,2020,0.836,0.752,0.608,0.276,0.997,
BRN,2021,0.835,0.75,0.596,0.272,0.995,
BRN,2022,0.825,0.744,0.593,0.276,0.988,
BRN,2023,0.837,0.756,0.6,0.257,0.993,
BGR,2010,0.799,0.709,0.717,0.228,0.997,
BGR,2011,0.803,0.708,0.713,0.223,0.995,
BGR,2012,0.807,0.716,0.722,0.218,0.994,
BGR,2013,0.815,0.719,0.733,0.213,0.997,
BGR,2014,0.819,0.72,0.73,0.224,0.995,
BGR,2015,0.824,0.724,0.729,0.218,0.996,
BGR,2016,0.827,0.719,0.739,0.217,1.0,
BGR,2017,0.829,0.718,0.736,0.207,1.001,
BGR,2018,0.832,0.725,0.739,0.209,1.0,
BGR,2019,0.835,0.726,0.743,0.205,1.001,
BGR,2020,0.826,0.723,0.741,0.2,1.003,
BGR,2021,0.817,0.715,0.716,0.205,1.004,
BGR,2022,0.835,0.733,0.727,0.209,1.008,
BGR,2023,0.845,0.748,0.74,0.208,1.0,
BFA,2010,0.377,0.227,0.372,0.599,0.867,
BFA,2011,0.389,0.235,0.384,0.596,0.87,
BFA,2012,0.398,0.242,0.392,0.593,0.875,
BFA,2013,0.405,0.247,0.399,0.595,0.879,
BFA,2014,0.409,0.258,0.403,0.592,0.896,
BFA,2015,0.419,0.265,0.413,0.61,0.883,
BFA,2016,0.427,0.272,0.422,0.606,0.884,
BFA,2017,0.438,0.279,0.431,0.593,0.886,
BFA,2018,0.449,0.287,0.443,0.589,0.885,
BFA,2019,0.453,0.278,0.446,0.571,0.905,
BFA,2020,0.453,0.279,0.447,0.606,0.904,
BFA,2021,0.454,0.269,0.448,0.609,0.904,
BFA,2022,0.457,0.271,0.451,0.548,0.908,
BFA,2023,0.459,0.273,0.453,0.555,0.881,
BDI,2010,0.416,0.264,0.411,0.536,0.909,
BDI,2011,0.42,,0.415,0.533,0.912,
BDI,2012,0.425,0.278,0.421,0.53,0.916,
BDI,2013,0.428,0.282,0.423,0.526,0.92,
BDI,2014,0.431,0.276,0.427,0.522,1.007,
BDI,2015,0.432,0.278,0.428,0.514,0.926,
BDI,2016,0.436,0.278,0.432,0.51,0.928,
BDI,2017,0.434,0.277,0.43,0.507,0.927,
BDI,2018,0.434,0.278,0.429,0.507,0.929,
BDI,2019,0.435,0.28,0.431,0.501,0.93,
BDI,2020,0.435,0.281,0.431,0.503,0.966,
BDI,2021,0.435,0.281,0.431,0.502,0.932,
BDI,2022,0.437,0.284,0.433,0.502,0.932,
BDI,2023,0.439,0.286,0.435,0.501,0.932,
CPV,2010,0.648,,,,0.985,
CPV,2011,0.654,,,,0.988,
CPV,2012,0.655,,,,0.988,
CPV,2013,0.66,,,,0.989,
CPV,2014,0.659,,,,0.989,
CPV,2015,0.658,0.465,,0.363,1.007,
CPV,2016,0.661,0.468,,0.352,0.982,
CPV,2017,0.663,0.47,,0.349,0.979,
CPV,2018,0.663,0.471,,0.357,0.978,
CPV,2019,0.667,0.475,,0.337,0.976,
CPV,2020,0.647,0.461,,0.327,0.979,
CPV,2021,0.651,0.464,,0.301,0.968,
CPV,2022,0.664,0.475,,0.302,0.964,
CPV,2023,0.668,0.478,,0.298,0.964,
KHM,2010,0.543,0.387,0.521,0.515,0.9,
KHM,2011,0.547,0.397,0.531,0.512,0.897,
KHM,2012,0.551,0.404,0.535,0.522,0.902,
KHM,2013,0.554,0.408,0.537,0.517,0.911,
KHM,2014,0.557,0.403,0.539,0.516,0.916,
KHM,2015,0.562,0.407,0.542,0.519,0.916,
KHM,2016,0.57,0.414,0.549,0.506,0.923,
KHM,2017,0.578,0.421,0.553,0.502,0.92,
KHM,2018,0.586,0.427,0.557,0.498,0.923,
KHM,2019,0.593,0.433,0.563,0.496,0.936,
KHM,2020,0.595,0.435,0.566,0.492,0.937,
KHM,2021,0.594,0.434,0.562,0.487,0.943,
KHM,2022,0.602,0.44,0.569,0.489,0.937,
KHM,2023,0.606,0.444,0.572,0.506,0.939,
CMR,2010,0.529,,0.517,0.62,0.864,
CMR,2011,0.538,0.331,0.525,0.62,0.864,
CMR,2012,0.549,0.339,0.535,0.614,0.873,
CMR,2013,0.558,0.346,0.544,0.579,0.878,
CMR,2014,0.566,0.335,0.552,0.577,0.863,
CMR,2015,0.575,0.342,0.561,0.573,0.889,
CMR,2016,0.579,0.346,0.565,0.572,0.892,
CMR,2017,0.581,0.348,0.566,0.573,0.894,
CMR,2018,0.582,0.352,0.567,0.566,0.896,
CMR,2019,0.582,0.354,0.567,0.567,0.895,
CMR,2020,0.579,0.353,0.565,0.563,0.896,
CMR,2021,0.574,0.351,0.56,0.562,0.906,
CMR,2022,0.581,0.356,0.567,0.562,0.896,
CMR,2023,0.588,0.361,0.574,0.558,0.898,
CAN,2010,0.918,0.838,0.605,0.137,0.981,
CAN,2011,0.921,0.844,0.602,0.127,0.982,
CAN,2012,0.927,0.847,0.607,0.124,0.983,
CAN,2013,0.93,0.848,0.606,0.117,0.984,
CAN,2014,0.932,0.854,0.618,0.113,0.984,
CAN,2015,0.932,0.851,0.626,0.107,0.985,
CAN,2016,0.933,0.856,0.639,0.102,0.985,
CAN,2017,0.935,0.856,0.631,0.096,0.986,
CAN,2018,0.935,0.859,0.636,0.078,0.986,
CAN,2019,0.937,0.865,0.636,0.072,0.987,
CAN,2020,0.931,0.859,0.634,0.066,0.989,
CAN,2021,0.937,0.865,0.643,0.059,0.993,
CAN,2022,0.935,0.862,0.637,0.054,0.997,
CAN,2023,0.939,0.867,0.643,0.052,0.991,
CAF,2010,0.358,0.184,0.351,,,
CAF,2011,0.377,0.197,0.37,,,
CAF,2012,0.385,0.203,0.378,,,
CAF,2013,0.359,0.187,0.353,,,
CAF,2014,0.319,0.16,0.313,,,
CAF,2015,0.377,0.199,0.37,,,
CAF,2016,0.376,0.198,0.369,,,
CAF,2017,0.356,0.183,0.35,,,
CAF,2018,0.391,0.207,0.384,,,
CAF,2019,0.279,0.134,0.274,,,
CAF,2020,0.386,0.204,0.379,,,
CAF,2021,0.339,0.193,0.333,,,
CAF,2023,0.414,0.253,0.407,,,
TCD,2010,0.375,,0.359,,,
TCD,2011,0.384,0.211,0.368,,,
TCD,2012,0.391,0.216,0.373,,,
TCD,2013,0.396,0.219,0.379,,,
TCD,2014,0.401,0.221,0.383,,,
TCD,2015,0.396,0.219,0.378,,,
TCD,2016,0.396,0.22,0.377,,,
TCD,2017,0.397,0.222,0.378,,,
TCD,2018,0.402,0.225,0.382,0.686,0.787,
TCD,2019,0.406,0.242,0.386,0.7,0.776,
TCD,2020,0.408,0.244,0.387,0.696,0.782,
TCD,2021,0.408,0.245,0.387,0.66,0.785,
TCD,2022,0.414,0.249,0.394,0.671,0.786,
TCD,2023,0.416,0.252,0.397,0.67,0.787,
CHL,2010,0.823,0.67,0.742,0.35,0.955,
CHL,2011,0.823,0.679,0.736,0.335,0.959,
CHL,2012,0.832,0.686,0.744,0.327,0.958,
CHL,2013,0.845,0.702,0.755,0.308,0.96,
CHL,2014,0.849,0.706,0.765,0.291,0.961,
CHL,2015,0.855,0.717,0.77,0.287,0.962,
CHL,2016,0.859,0.721,0.772,0.267,0.962,
CHL,2017,0.862,0.72,0.778,0.249,0.968,
CHL,2018,0.866,0.724,0.778,0.215,0.967,
CHL,2019,0.867,0.725,0.777,0.195,0.968,
CHL,2020,0.856,0.701,0.772,0.182,0.97,
CHL,2021,0.865,0.708,0.772,0.119,0.973,
CHL,2022,0.869,0.715,0.777,0.114,0.974,
CHL,2023,0.878,0.723,0.784,0.102,0.967,
CHN,2010,0.71,,0.609,0.226,0.961,
CHN,2011,0.717,,0.605,0.232,0.951,
CHN,2012,0.725,,0.606,0.227,0.951,
CHN,2013,0.733,0.603,0.606,0.217,0.95,
CHN,2014,0.742,0.619,0.612,0.21,0.95,
CHN,2015,0.75,0.622,0.62,0.202,0.95,
CHN,2016,0.758,0.628,0.627,0.192,0.951,
CHN,2017,0.765,0.633,0.632,0.181,0.952,
CHN,2018,0.774,0.643,0.64,0.163,0.951,
CHN,2019,0.781,0.653,0.642,0.159,0.961,
CHN,2020,0.786,0.658,0.644,0.154,0.971,
CHN,2021,0.794,0.667,0.645,0.145,0.973,
CHN,2022,0.796,0.669,0.647,0.138,0.975,
CHN,2023,0.797,0.67,0.644,0.132,0.976,
COL,2010,0.741,0.543,0.7,0.454,0.993,
COL,2011,0.747,0.552,0.705,0.453,0.992,
COL,2012,0.748,0.56,0.705,0.452,0.993,
COL,2013,0.76,0.568,0.714,0.449,0.994,
COL,2014,0.763,0.574,0.715,0.422,0.991,
COL,2015,0.767,0.585,0.718,0.417,0.992,
COL,2016,0.772,0.591,0.725,0.414,0.992,
COL,2017,0.774,0.598,0.73,0.417,0.993,
COL,2018,0.775,0.599,0.731,0.41,0.992,
COL,2019,0.777,0.595,0.731,0.411,0.992,
COL,2020,0.764,0.574,0.722,0.421,0.982,
COL,2021,0.762,0.571,0.718,0.42,1.001,
COL,2022,0.782,0.587,0.736,0.395,0.993,
COL,2023,0.788,0.593,0.74,0.393,0.992,
COM,2010,0.534,,,,0.866,
COM,2011,0.541,,,,0.869,
COM,2012,0.548,,,,0.872,
COM,2013,0.556,,,,0.876,
COM,2014,0.56,0.317,,0.645,0.899,
COM,2015,0.565,0.321,,0.633,0.885,
COM,2016,0.571,0.325,,0.626,0.892,
COM,2017,0.577,0.33,,0.583,0.899,
COM,2018,0.584,0.334,,0.58,0.907,
COM,2019,0.589,0.338,,0.575,0.913,
COM,2020,0.592,0.341,,0.512,0.921,
COM,2021,0.594,0.343,,0.508,0.923,
COM,2022,0.602,0.355,,0.502,0.929,
COM,2023,0.603,0.356,,0.501,0.929,
COG,2010,0.609,0.393,0.589,0.621,0.896,
COG,2011,0.613,0.404,0.592,0.625,0.891,
COG,2012,0.624,0.399,0.601,0.633,0.887,
COG,2013,0.63,0.404,0.606,0.626,0.893,
COG,2014,0.639,0.413,0.607,0.618,0.898,
COG,2015,0.643,0.416,0.611,0.615,0.903,
COG,2016,0.64,0.415,0.614,0.614,0.904,
COG,2017,0.635,0.413,0.614,0.607,0.904,
COG,2018,0.64,0.417,0.619,0.608,0.907,
COG,2019,0.634,0.41,0.614,0.593,0.91,
COG,2020,0.643,0.42,0.625,0.589,0.92,
COG,2021,0.643,0.421,0.625,0.588,0.921,
COG,2022,0.644,0.423,0.626,0.578,0.923,
COG,2023,0.649,0.426,0.631,0.565,0.924,
COD,2010,0.44,0.273,0.435,0.653,0.818,
COD,2011,0.447,0.279,0.442,0.651,0.821,
COD,2012,0.451,0.282,0.445,0.649,0.817,
COD,2013,0.456,0.288,0.45,0.652,0.835,
COD,2014,0.467,0.295,0.461,0.64,0.841,
COD,2015,0.477,0.303,0.471,0.645,0.848,
COD,2016,0.487,0.31,0.481,0.64,0.855,
COD,2017,0.491,0.315,0.485,0.641,0.858,
COD,2018,0.497,0.32,0.491,0.638,0.862,
COD,2019,0.501,0.324,0.495,0.618,0.869,
COD,2020,0.506,0.328,0.5,0.609,0.88,
COD,2021,0.508,0.331,0.502,0.607,0.884,
COD,2022,0.514,0.336,0.508,0.604,0.885,
COD,2023,0.522,0.341,0.517,0.604,0.886,
CRI,2010,0.776,0.626,0.719,0.315,0.978,
CRI,2011,0.783,0.63,0.727,0.307,0.977,
CRI,2012,0.789,0.635,0.731,0.301,0.98,
CRI,2013,0.795,0.637,0.734,0.293,0.981,
CRI,2014,0.802,0.647,0.741,0.303,0.979,
CRI,2015,0.803,0.648,0.743,0.282,0.987,
CRI,2016,0.805,0.649,0.746,0.278,0.98,
CRI,2017,0.809,0.656,0.749,0.273,0.985,
CRI,2018,0.813,0.659,0.756,0.249,0.988,
CRI,2019,0.821,0.666,0.763,0.234,0.989,
CRI,2020,0.819,0.668,0.768,0.231,0.998,
CRI,2021,0.817,0.663,0.763,0.216,0.995,
CRI,2022,0.823,0.669,0.767,0.209,0.997,
CRI,2023,0.833,0.678,0.774,0.217,0.975,
HRV,2010,0.831,0.75,0.728,0.135,0.988,
HRV,2011,0.836,0.755,0.723,0.132,0.985,
HRV,2012,0.839,0.761,0.738,0.129,0.986,
HRV,2013,0.846,0.767,0.747,0.122,0.989,
HRV,2014,0.848,0.773,0.759,0.119,0.991,
HRV,2015,0.852,0.776,0.768,0.143,0.992,
HRV,2016,0.856,0.783,0.759,0.158,0.99,
HRV,2017,0.862,0.789,0.775,0.13,0.989,
HRV,2018,0.867,0.796,0.777,0.126,0.994,
HRV,2019,0.872,0.804,0.783,0.118,0.994,
HRV,2020,0.867,0.803,0.777,0.086,0.991,
HRV,2021,0.876,0.809,0.783,0.085,0.997,
HRV,2022,0.886,0.822,0.789,0.078,0.998,
HRV,2023,0.889,0.828,0.787,0.074,0.999,
CUB,2010,0.783,,0.745,0.33,0.963,
CUB,2011,0.781,,0.741,0.329,0.958,
CUB,2012,0.777,,0.735,0.321,0.951,
CUB,2013,0.771,,0.733,0.312,0.954,
CUB,2014,0.77,,0.732,0.31,0.951,
CUB,2015,0.769,,0.724,0.307,0.958,
CUB,2016,0.767,,0.723,0.307,0.961,
CUB,2017,0.767,,0.725,0.307,0.967,
CUB,2018,0.769,,0.73,0.303,0.967,
CUB,2019,0.769,,0.729,0.304,0.97,
CUB,2020,0.762,,0.724,0.303,0.972,
CUB,2021,0.745,,0.708,0.298,0.977,
CUB,2022,0.764,,0.726,0.297,0.976,
CUB,2023,0.762,,0.723,0.296,0.975,
CYP,2010,0.869,0.768,0.633,0.191,0.962,
CYP,2011,0.872,0.774,0.657,0.207,0.967,
CYP,2012,0.872,0.774,0.716,0.213,0.972,
CYP,2013,0.873,0.773,0.752,0.212,0.975,
CYP,2014,0.875,0.768,0.746,0.202,0.987,
CYP,2015,0.882,0.782,0.762,0.209,0.984,
CYP,2016,0.888,0.792,0.749,0.196,0.981,
CYP,2017,0.897,0.806,0.716,0.212,0.985,
CYP,2018,0.902,0.816,0.753,0.23,0.977,
CYP,2019,0.907,0.817,0.752,0.235,0.975,
CYP,2020,0.905,0.821,0.752,0.239,0.979,
CYP,2021,0.907,0.822,0.753,0.256,0.984,
CYP,2022,0.908,0.825,0.755,0.255,0.989,
CYP,2023,0.913,0.841,0.754,0.252,0.996,
CZE,2010,0.88,0.834,0.721,0.141,0.975,
CZE,2011,0.883,0.835,0.72,0.138,0.975,
CZE,2012,0.885,0.837,0.732,0.143,0.977,
CZE,2013,0.892,0.843,0.746,0.145,0.982,
CZE,2014,0.898,0.849,0.752,0.146,0.982,
CZE,2015,0.9,0.851,0.753,0.14,0.983,
CZE,2016,0.902,0.853,0.756,0.139,0.983,
CZE,2017,0.904,0.857,0.755,0.134,0.984,
CZE,2018,0.901,0.856,0.748,0.13,0.98,
CZE,2019,0.903,0.859,0.754,0.124,0.981,
CZE,2020,0.898,0.853,0.762,0.12,0.982,
CZE,2021,0.901,0.853,0.751,0.108,0.989,
CZE,2022,0.911,0.863,0.76,0.095,0.987,
CZE,2023,0.915,0.867,0.764,0.088,0.987,
CIV,2010,0.465,0.271,0.456,0.643,0.866,
CIV,2011,0.469,0.271,0.46,0.629,0.871,
CIV,2012,0.478,0.277,0.467,0.631,0.844,
CIV,2013,0.487,0.283,0.474,0.628,0.873,
CIV,2014,0.511,0.298,0.498,0.63,0.881,
CIV,2015,0.519,0.286,0.503,0.631,0.882,
CIV,2016,0.53,0.292,0.515,0.633,0.885,
CIV,2017,0.539,0.298,0.522,0.627,0.88,
CIV,2018,0.545,0.303,0.527,0.622,0.885,
CIV,2019,0.552,0.33,0.531,0.605,0.889,
CIV,2020,0.553,0.332,0.531,0.602,0.896,
CIV,2021,0.557,0.334,0.514,0.594,0.897,
CIV,2022,0.565,0.339,0.521,0.593,0.92,
CIV,2023,0.582,0.35,0.537,0.589,0.91,
DNK,2010,0.92,,0.737,0.048,0.994,
DNK,2011,0.934,,0.743,0.043,0.985,
DNK,2012,0.938,,0.756,0.041,0.982,
DNK,2013,0.941,,0.754,0.039,0.983,
DNK,2014,0.939,0.883,0.767,0.035,0.974,
DNK,2015,0.943,0.888,0.772,0.034,0.98,
DNK,2016,0.951,0.894,0.778,0.033,0.982,
DNK,2017,0.951,0.894,0.774,0.027,0.983,
DNK,2018,0.95,0.892,0.776,0.021,0.984,
DNK,2019,0.953,0.898,0.784,0.016,0.985,
DNK,2020,0.954,0.898,0.795,0.01,0.985,
DNK,2021,0.958,0.904,0.79,0.008,0.989,
DNK,2022,0.959,0.904,0.792,0.004,0.991,
DNK,2023,0.962,0.909,0.792,0.003,0.99,
DJI,2010,0.421,,0.408,,,
DJI,2011,0.432,,0.408,,,
DJI,2012,0.442,0.277,0.407,,,
DJI,2013,0.45,0.286,0.413,,,
DJI,2014,0.459,0.292,0.428,,,
DJI,2015,0.469,0.299,0.439,,0.787,
DJI,2016,0.477,0.306,0.451,,0.792,
DJI,2017,0.484,0.317,0.452,0.547,0.814,
DJI,2018,0.492,0.323,0.466,0.499,0.798,
DJI,2019,0.497,0.326,0.465,0.492,0.802,
DJI,2020,0.499,0.329,0.461,0.486,0.807,
DJI,2021,0.501,0.331,0.469,0.483,0.81,
DJI,2022,0.51,0.338,0.478,0.482,0.813,
DJI,2023,0.513,0.341,0.48,0.481,0.814,
DMA,2010,0.747,,,,,
DMA,2011,0.745,,,,,
DMA,2012,0.745,,,,,
DMA,2013,0.745,,,,,
DMA,2014,0.748,,,,,
DMA,2015,0.741,,,,,
DMA,2016,0.751,,,,,
DMA,2017,0.735,,,,,
DMA,2018,0.755,,,,,
DMA,2019,0.758,,,,,
DMA,2020,0.753,,,,,
DMA,2021,0.749,,,,,
DMA,2022,0.759,,,,,
DMA,2023,0.761,,,,,
DOM,2010,0.715,0.542,0.681,0.479,0.986,
DOM,2011,0.721,0.548,0.687,0.477,0.996,
DOM,2012,0.727,0.559,0.688,0.472,1.002,
DOM,2013,0.731,0.558,0.693,0.47,0.998,
DOM,2014,0.737,0.571,0.698,0.47,0.997,
DOM,2015,0.747,0.579,0.706,0.466,1.01,
DOM,2016,0.766,0.561,0.722,0.452,1.011,
DOM,2017,0.77,0.613,0.728,0.449,1.015,
DOM,2018,0.773,0.614,0.732,0.45,1.015,
DOM,2019,0.771,0.616,0.728,0.437,1.021,
DOM,2020,0.767,0.622,0.723,0.431,1.027,
DOM,2021,0.762,0.622,0.715,0.423,1.031,
DOM,2022,0.778,0.636,0.729,0.422,1.029,
DOM,2023,0.776,0.634,0.726,0.417,1.024,
ECU,2010,0.737,0.577,0.689,0.431,0.982,
ECU,2011,0.743,0.596,0.694,0.429,0.982,
ECU,2012,0.75,0.598,0.708,0.424,0.983,
ECU,2013,0.755,0.607,0.702,0.408,0.98,
ECU,2014,0.76,0.621,0.705,0.396,0.978,
ECU,2015,0.764,0.622,0.715,0.391,0.98,
ECU,2016,0.761,0.624,0.716,0.386,0.983,
ECU,2017,0.764,0.628,0.719,0.389,0.984,
ECU,2018,0.767,0.627,0.724,0.391,0.987,
ECU,2019,0.765,0.627,0.722,0.388,0.991,
ECU,2020,0.74,0.605,0.704,0.373,1.012,
ECU,2021,0.753,0.62,0.714,0.366,1.004,
ECU,2022,0.773,0.635,0.732,0.364,0.996,
ECU,2023,0.777,0.64,0.735,0.358,0.998,
EGY,2010,0.677,0.504,0.653,0.552,0.864,
EGY,2011,0.68,0.509,0.655,0.545,0.888,
EGY,2012,0.689,0.525,0.662,0.566,0.894,
EGY,2013,0.695,0.533,0.669,0.558,0.889,
EGY,2014,0.699,0.54,0.671,0.548,0.888,
EGY,2015,0.706,0.536,0.679,0.542,0.902,
EGY,2016,0.713,0.542,0.686,0.412,0.904,
EGY,2017,0.72,0.548,0.693,0.405,0.905,
EGY,2018,0.728,0.558,0.702,0.416,0.897,
EGY,2019,0.736,0.566,0.709,0.424,0.884,
EGY,2020,0.736,0.567,0.71,0.405,0.884,
EGY,2021,0.738,0.569,0.71,0.395,0.89,
EGY,2022,0.751,0.579,0.722,0.399,0.895,
EGY,2023,0.754,0.582,0.726,0.398,0.895,
SLV,2010,0.66,0.501,0.629,0.398,0.978,
SLV,2011,0.662,0.505,0.631,0.398,0.973,
SLV,2012,0.666,0.516,0.632,0.381,0.971,
SLV,2013,0.668,0.516,0.634,0.38,0.982,
SLV,2014,0.668,0.523,0.636,0.382,0.984,
SLV,2015,0.667,0.525,0.635,0.378,0.983,
SLV,2016,0.666,0.526,0.634,0.37,0.985,
SLV,2017,0.665,0.533,0.634,0.37,0.984,
SLV,2018,0.67,0.538,0.64,0.368,0.982,
SLV,2019,0.67,0.54,0.638,0.358,0.979,
SLV,2020,0.66,0.527,0.63,0.359,1.013,
SLV,2021,0.663,0.539,0.626,0.369,0.972,
SLV,2022,0.674,0.55,0.635,0.366,0.976,
SLV,2023,0.678,0.555,0.638,0.362,0.983,
GNQ,2010,0.612,,0.431,,,
GNQ,2011,0.624,,0.519,,,
GNQ,2012,0.635,,0.553,,,
GNQ,2013,0.644,,0.573,,,
GNQ,2014,0.652,,0.587,,,
GNQ,2015,0.656,,0.593,,,
GNQ,2016,0.659,,0.605,,,
GNQ,2017,0.661,,0.622,,,
GNQ,2018,0.663,,0.617,,,
GNQ,2019,0.667,,0.63,,,
GNQ,2020,0.668,,0.629,,,
GNQ,2021,0.671,,0.634,,,
GNQ,2022,0.677,,0.643,,,
GNQ,2023,0.674,,0.644,,,
ERI,2010,0.465,,0.453,,,
ERI,2011,0.48,,0.469,,,
ERI,2012,0.483,,0.472,,,
ERI,2013,0.479,,0.467,,,
ERI,2014,0.497,,0.486,,,
ERI,2015,0.48,,0.469,,,
ERI,2016,0.485,,0.475,,,
ERI,2017,0.48,,0.47,,,
ERI,2018,0.49,,0.481,,,
ERI,2019,0.495,,0.484,,,
ERI,2020,0.495,,0.485,,,
ERI,2021,0.496,,0.489,,,
ERI,2022,0.499,,0.492,,,
ERI,2023,0.503,,0.496,,,
EST,2010,0.868,0.802,0.684,0.159,1.028,
EST,2011,0.877,0.806,0.688,0.159,1.024,
EST,2012,0.88,,0.687,0.152,1.024,
EST,2013,0.887,,0.68,0.152,1.014,
EST,2014,0.885,0.804,0.693,0.156,1.021,
EST,2015,0.888,,0.702,0.128,1.024,
EST,2016,0.89,,0.693,0.119,1.021,
EST,2017,0.894,0.828,0.678,0.105,1.025,
EST,2018,0.897,0.835,0.687,0.101,1.026,
EST,2019,0.901,0.839,0.717,0.089,1.025,
EST,2020,0.901,0.839,0.73,0.083,1.021,
EST,2021,0.899,0.835,0.715,0.081,1.027,
EST,2022,0.902,0.837,0.711,0.071,1.025,
EST,2023,0.905,0.841,0.714,0.061,1.023,
SWZ,2010,0.534,0.316,,,,
SWZ,2011,0.545,0.325,,,,
SWZ,2012,0.562,0.337,,,,
SWZ,2013,0.578,0.348,,,,
SWZ,2014,0.592,0.362,,,,
SWZ,2015,0.607,0.372,,0.547,0.941,
SWZ,2016,0.619,0.38,,0.533,0.96,
SWZ,2017,0.631,0.38,,0.521,0.95,
SWZ,2018,0.643,0.388,,0.525,0.953,
SWZ,2019,0.653,0.395,,0.526,0.955,
SWZ,2020,0.657,0.399,,0.505,0.961,
SWZ,2021,0.658,0.406,,0.503,0.986,
SWZ,2022,0.695,0.43,,0.494,0.964,
SWZ,2023,0.695,0.431,,0.484,0.964,
ETH,2010,0.415,,0.408,0.601,0.855,
ETH,2011,0.425,0.267,0.419,0.598,0.858,
ETH,2012,0.433,0.273,0.427,0.585,0.864,
ETH,2013,0.441,0.28,0.434,0.572,0.853,
ETH,2014,0.449,0.286,0.442,0.565,0.868,
ETH,2015,0.456,0.292,0.448,0.533,0.869,
ETH,2016,0.463,0.296,0.455,0.524,0.87,
ETH,2017,0.47,0.302,0.461,0.52,0.874,
ETH,2018,0.476,0.306,0.467,0.513,0.878,
ETH,2019,0.482,0.313,0.472,0.509,0.882,
ETH,2020,0.486,0.317,0.476,0.502,0.886,
ETH,2021,0.487,0.318,0.477,0.497,0.881,
ETH,2022,0.494,0.323,0.484,0.498,0.885,
ETH,2023,0.497,0.326,0.487,0.497,0.886,
FJI,2010,0.697,,,0.39,0.943,
FJI,2011,0.701,,,0.383,0.958,
FJI,2012,0.698,,,0.386,0.95,
FJI,2013,0.708,,,0.39,0.946,
FJI,2014,0.712,,,0.352,0.948,
FJI,2015,0.715,,,0.334,0.95,
FJI,2016,0.719,,,0.333,0.954,
FJI,2017,0.725,,,0.325,0.946,
FJI,2018,0.728,,,0.313,0.945,
FJI,2019,0.727,,,0.317,0.945,
FJI,2020,0.718,,,0.317,0.947,
FJI,2021,0.705,0.606,,0.31,0.943,
FJI,2022,0.726,0.623,,0.314,0.947,
FJI,2023,0.731,0.626,,0.35,0.948,
FIN,2010,0.92,0.864,0.683,0.073,1.003,
FIN,2011,0.924,0.868,0.686,0.067,1.004,
FIN,2012,0.924,0.868,0.699,0.065,1.0,
FIN,2013,0.934,0.879,0.708,0.064,0.989,
FIN,2014,0.936,0.882,0.719,0.062,0.99,
FIN,2015,0.938,0.886,0.736,0.056,0.99,
FIN,2016,0.94,0.887,0.725,0.05,0.99,
FIN,2017,0.942,0.889,0.725,0.044,0.99,
FIN,2018,0.945,0.89,0.724,0.038,0.989,
FIN,2019,0.947,0.893,0.742,0.031,0.988,
FIN,2020,0.947,0.892,0.743,0.03,0.991,
FIN,2021,0.949,0.896,0.747,0.029,0.989,
FIN,2022,0.946,0.888,0.748,0.023,0.994,
FIN,2023,0.948,0.891,0.748,0.021,0.992,
FRA,2010,0.888,0.797,0.763,0.129,0.986,
FRA,2011,0.892,0.802,0.76,0.125,0.987,
FRA,2012,0.893,0.805,0.767,0.11,0.986,
FRA,2013,0.896,0.813,0.77,0.106,0.985,
FRA,2014,0.9,0.814,0.778,0.101,0.986,
FRA,2015,0.901,0.816,0.785,0.096,0.986,
FRA,2016,0.905,0.819,0.789,0.092,0.986,
FRA,2017,0.908,0.816,0.789,0.072,0.987,
FRA,2018,0.911,0.816,0.793,0.065,0.987,
FRA,2019,0.914,0.818,0.796,0.061,0.988,
FRA,2020,0.909,0.82,0.799,0.056,0.991,
FRA,2021,0.915,0.827,0.798,0.048,0.988,
FRA,2022,0.916,0.824,0.801,0.041,0.992,
FRA,2023,0.92,0.836,0.804,0.034,0.993,
GAB,2010,0.684,,0.641,0.523,0.993,
GAB,2011,0.69,,0.643,0.525,0.982,
GAB,2012,0.699,0.504,0.655,0.519,0.981,
GAB,2013,0.707,0.511,0.661,0.524,0.984,
GAB,2014,0.716,0.52,0.669,0.533,0.986,
GAB,2015,0.72,0.524,0.673,0.53,0.987,
GAB,2016,0.724,0.528,0.68,0.531,0.989,
GAB,2017,0.726,0.54,0.684,0.528,0.992,
GAB,2018,0.727,0.542,0.692,0.531,0.989,
GAB,2019,0.73,0.551,0.698,0.527,0.989,
GAB,2020,0.732,0.554,0.7,0.531,0.99,
GAB,2021,0.72,0.546,0.69,0.523,0.986,
GAB,2022,0.73,0.555,0.7,0.522,0.99,
GAB,2023,0.733,0.558,0.704,0.505,0.994,
GMB,2010,0.463,,0.454,0.659,0.861,
GMB,2011,0.463,0.27,0.456,0.654,0.863,
GMB,2012,0.469,0.275,0.462,0.649,0.867,
GMB,2013,0.474,0.277,0.467,0.646,0.876,
GMB,2014,0.477,0.279,0.47,0.625,0.885,
GMB,2015,0.482,0.283,0.474,0.618,0.895,
GMB,2016,0.487,0.301,0.478,0.609,0.905,
GMB,2017,0.493,0.306,0.484,0.597,0.915,
GMB,2018,0.5,0.314,0.49,0.594,0.944,
GMB,2019,0.508,0.322,0.498,0.586,0.932,
GMB,2020,0.512,0.325,0.502,0.589,0.941,
GMB,2021,0.513,0.32,0.503,0.585,0.942,
GMB,2022,0.519,0.325,0.509,0.581,0.945,
GMB,2023,0.524,0.329,0.514,0.578,0.959,
GEO,2010,0.77,0.646,0.723,0.43,0.962,
GEO,2011,0.78,0.651,0.726,0.42,0.969,
GEO,2012,0.789,0.677,0.729,0.372,0.973,
GEO,2013,0.796,0.69,0.738,0.365,0.974,
GEO,2014,0.802,0.695,0.742,0.361,0.976,
GEO,2015,0.807,0.705,0.744,0.36,0.98,
GEO,2016,0.809,0.707,0.749,0.321,0.979,
GEO,2017,0.816,0.701,0.756,0.303,0.992,
GEO,2018,0.824,0.723,0.76,0.299,0.991,
GEO,2019,0.83,0.726,0.764,0.296,0.994,
GEO,2020,0.822,0.729,0.753,0.271,0.999,
GEO,2021,0.819,0.731,0.751,0.269,0.997,
GEO,2022,0.838,0.749,0.767,0.257,1.008,
GEO,2023,0.844,0.754,0.772,0.257,1.009,
DEU,2010,0.936,0.871,0.742,0.096,0.949,
DEU,2011,0.942,0.876,0.741,0.087,0.953,
DEU,2012,0.944,0.878,0.748,0.085,0.953,
DEU,2013,0.945,0.876,0.749,0.077,0.954,
DEU,2014,0.949,0.879,0.756,0.077,0.956,
DEU,2015,0.948,0.879,0.763,0.076,0.958,
DEU,2016,0.949,0.878,0.762,0.083,0.963,
DEU,2017,0.951,0.881,0.764,0.085,0.965,
DEU,2018,0.952,0.878,0.765,0.08,0.966,
DEU,2019,0.957,0.885,0.777,0.076,0.967,
DEU,2020,0.955,0.881,0.787,0.071,0.965,
DEU,2021,0.958,0.881,0.778,0.064,0.971,
DEU,2022,0.955,0.885,0.78,0.058,0.972,
DEU,2023,0.959,0.89,0.785,0.057,0.975,
GHA,2010,0.558,0.334,0.537,0.571,0.894,
GHA,2011,0.568,0.349,0.545,0.57,0.892,
GHA,2012,0.575,0.354,0.549,0.57,0.895,
GHA,2013,0.582,0.364,0.556,0.558,0.903,
GHA,2014,0.58,0.367,0.559,0.553,0.901,
GHA,2015,0.588,0.373,0.564,0.553,0.911,
GHA,2016,0.59,0.375,0.567,0.543,0.91,
GHA,2017,0.594,0.368,0.568,0.534,0.908,
GHA,2018,0.6,0.372,0.574,0.534,0.917,
GHA,2019,0.609,0.38,0.581,0.525,0.919,
GHA,2020,0.614,0.384,0.589,0.529,0.923,
GHA,2021,0.618,0.387,0.593,0.524,0.923,
GHA,2022,0.625,0.396,0.601,0.515,0.929,
GHA,2023,0.628,0.399,0.604,0.514,0.933,
GRC,2010,0.876,0.766,0.722,0.156,0.966,
GRC,2011,0.874,0.763,0.73,0.142,0.967,
GRC,2012,0.874,0.765,0.746,0.127,0.967,
GRC,2013,0.879,0.769,0.761,0.123,0.966,
GRC,2014,0.886,0.77,0.766,0.121,0.968,
GRC,2015,0.888,0.775,0.774,0.125,0.972,
GRC,2016,0.884,0.773,0.773,0.129,0.969,
GRC,2017,0.887,0.779,0.775,0.132,0.969,
GRC,2018,0.893,0.794,0.78,0.13,0.969,
GRC,2019,0.896,0.801,0.79,0.122,0.968,
GRC,2020,0.896,0.798,0.801,0.118,0.971,
GRC,2021,0.897,0.795,0.794,0.114,0.971,
GRC,2022,0.897,0.804,0.795,0.109,0.968,
GRC,2023,0.908,0.825,0.803,0.103,0.963,
GRD,2010,0.771,,,,,
GRD,2011,0.773,,,,,
GRD,2012,0.774,,,,,
GRD,2013,0.777,,,,,
GRD,2014,0.779,,,,,
GRD,2015,0.782,,,,0.972,
GRD,2016,0.784,,,,0.982,
GRD,2017,0.784,,,,0.977,
GRD,2018,0.788,,,0.213,0.989,
GRD,2019,0.789,,,0.212,0.99,
GRD,2020,0.782,,,0.218,0.987,
GRD,2021,0.782,,,0.226,0.981,
GRD,2022,0.789,,,0.227,0.983,
GRD,2023,0.791,,,0.226,0.984,
GTM,2010,0.623,,0.593,0.526,0.923,
GTM,2011,0.628,,0.597,0.527,0.909,
GTM,2012,0.631,,0.598,0.536,0.925,
GTM,2013,0.633,,0.593,0.53,0.925,
GTM,2014,0.65,,0.605,0.526,0.932,
GTM,2015,0.638,0.456,0.603,0.529,0.924,
GTM,2016,0.642,0.46,0.607,0.508,0.923,
GTM,2017,0.647,0.464,0.614,0.509,0.924,
GTM,2018,0.649,0.467,0.619,0.509,0.922,
GTM,2019,0.653,0.471,0.619,0.5,0.926,
GTM,2020,0.645,0.466,0.614,0.48,0.918,
GTM,2021,0.639,0.462,0.605,0.467,0.945,
GTM,2022,0.655,0.474,0.62,0.48,0.934,
GTM,2023,0.662,0.479,0.626,0.48,0.934,
GIN,2010,0.43,0.251,0.42,,,
GIN,2011,0.436,0.255,0.426,,,
GIN,2012,0.44,0.257,0.43,,,
GIN,2013,0.445,0.26,0.434,,,
GIN,2014,0.451,0.264,0.439,,,
GIN,2015,0.465,0.273,0.452,,,
GIN,2016,0.482,0.279,0.468,,,
GIN,2017,0.482,0.279,0.47,,,
GIN,2018,0.479,0.28,0.467,,,
GIN,2019,0.486,0.29,0.473,0.631,0.822,
GIN,2020,0.488,0.293,0.474,0.643,0.825,
GIN,2021,0.49,0.295,0.478,0.64,0.826,
GIN,2022,0.498,0.3,0.486,0.61,0.828,
GIN,2023,0.5,0.302,0.488,0.609,0.828,
GNB,2010,0.452,0.249,,,,
GNB,2011,0.46,0.255,,,,
GNB,2012,0.462,0.258,,,,
GNB,2013,0.469,0.263,,,,
GNB,2014,0.476,0.265,,,,
GNB,2015,0.481,0.269,,,,
GNB,2016,0.486,0.273,,,,
GNB,2017,0.491,0.277,,,,
GNB,2018,0.493,0.278,,0.623,0.87,
GNB,2019,0.501,0.319,,0.622,0.851,
GNB,2020,0.498,0.319,,0.621,0.874,
GNB,2021,0.502,0.322,,0.618,0.876,
GNB,2022,0.511,0.329,,0.617,0.884,
GNB,2023,0.514,0.331,,0.632,0.878,
GUY,2010,0.647,,,,,
GUY,2011,0.659,,,,,
GUY,2012,0.664,,,,,
GUY,2013,0.669,,,,,
GUY,2014,0.678,,,,,
GUY,2015,0.683,,,,,
GUY,2016,0.69,,,,,
GUY,2017,0.696,,,,,
GUY,2018,0.702,,,0.444,0.987,
GUY,2019,0.709,,,0.439,0.99,
GUY,2020,0.722,,,0.434,0.989,
GUY,2021,0.713,,,0.432,0.986,
GUY,2022,0.763,,,0.431,0.991,
GUY,2023,0.776,,,0.427,0.992,
HTI,2010,0.452,,0.445,0.613,0.845,
HTI,2011,0.536,,0.527,0.626,0.896,
HTI,2012,0.54,0.318,0.531,0.631,0.901,
HTI,2013,0.545,0.322,0.536,0.629,0.902,
HTI,2014,0.549,0.325,0.539,0.627,0.907,
HTI,2015,0.552,0.328,0.543,0.625,0.913,
HTI,2016,0.555,0.331,0.546,0.84,0.915,
HTI,2017,0.559,0.335,0.55,0.628,0.918,
HTI,2018,0.561,0.337,0.552,0.629,0.919,
HTI,2019,0.56,0.337,0.552,0.625,0.923,
HTI,2020,0.555,0.335,0.547,0.623,0.928,
HTI,2021,0.548,0.331,0.54,0.621,0.928,
HTI,2022,0.552,0.334,0.544,0.619,0.931,
HTI,2023,0.554,0.337,0.545,0.618,0.932,
HND,2010,0.596,0.441,0.576,0.473,0.983,
HND,2011,0.598,0.433,0.578,0.472,0.982,
HND,2012,0.597,0.434,0.577,0.463,0.982,
HND,2013,0.601,0.449,0.58,0.454,0.994,
HND,2014,0.604,0.462,0.583,0.438,0.997,
HND,2015,0.61,0.471,0.588,0.432,1.0,
HND,2016,0.616,0.473,0.594,0.428,0.996,
HND,2017,0.618,0.475,0.596,0.427,0.991,
HND,2018,0.619,0.477,0.596,0.435,1.004,
HND,2019,0.632,0.484,0.608,0.445,0.974,
HND,2020,0.625,0.479,0.603,0.436,0.998,
HND,2021,0.628,0.482,0.604,0.417,0.984,
HND,2022,0.643,0.494,0.618,0.427,0.974,
HND,2023,0.645,0.496,0.62,0.437,0.964,
HKG,2010,0.912,0.79,,,0.963,
HKG,2011,0.918,0.796,,,0.962,
HKG,2012,0.923,0.8,,,0.962,
HKG,2013,0.928,0.805,,,0.964,
HKG,2014,0.932,0.812,,,0.966,
HKG,2015,0.937,0.818,,,0.967,
HKG,2016,0.94,0.821,,,0.967,
HKG,2017,0.946,0.828,,,0.976,
HKG,2018,0.952,0.834,,,0.976,
HKG,2019,0.952,0.834,,,0.974,
HKG,2020,0.95,0.832,,,0.968,
HKG,2021,0.961,0.842,,,0.971,
HKG,2022,0.95,0.834,,,0.974,
HKG,2023,0.955,0.839,,,0.976,
HUN,2010,0.838,0.774,0.743,0.25,0.998,
HUN,2011,0.841,0.777,0.747,0.255,0.994,
HUN,2012,0.841,0.772,0.755,0.258,0.993,
HUN,2013,0.85,0.781,0.761,0.265,0.992,
HUN,2014,0.848,0.78,0.751,0.261,0.989,
HUN,2015,0.847,0.79,0.755,0.261,0.99,
HUN,2016,0.851,0.794,0.758,0.261,0.987,
HUN,2017,0.853,0.795,0.754,0.259,0.988,
HUN,2018,0.857,0.801,0.748,0.242,0.985,
HUN,2019,0.861,0.807,0.75,0.237,0.986,
HUN,2020,0.857,0.804,0.749,0.244,0.988,
HUN,2021,0.852,0.8,0.736,0.228,0.993,
HUN,2022,0.867,0.814,0.753,0.218,0.992,
HUN,2023,0.87,0.819,0.757,0.213,0.989,
ISL,2010,0.935,0.873,0.758,0.093,0.973,
ISL,2011,0.941,0.889,0.757,0.088,0.967,
ISL,2012,0.946,0.892,0.758,0.084,0.961,
ISL,2013,0.95,0.895,0.769,0.072,0.961,
ISL,2014,0.954,0.903,0.771,0.069,0.965,
ISL,2015,0.956,0.898,0.766,0.062,0.965,
ISL,2016,0.959,0.906,0.758,0.052,0.974,
ISL,2017,0.962,0.906,0.741,0.054,0.978,
ISL,2018,0.966,0.914,0.723,0.049,0.982,
ISL,2019,0.969,0.919,0.748,0.045,0.988,
ISL,2020,0.965,0.912,0.765,0.041,0.983,
ISL,2021,0.967,0.913,0.745,0.031,0.975,
ISL,2022,0.964,0.914,0.737,0.025,0.988,
ISL,2023,0.972,0.923,0.735,0.024,0.983,
IND,2010,0.59,0.381,0.571,0.566,0.819,
IND,2011,0.603,0.391,0.583,0.561,0.828,
IND,2012,0.609,0.394,0.588,0.557,0.826,
IND,2013,0.615,0.399,0.595,0.55,0.838,
IND,2014,0.625,0.407,0.604,0.528,0.838,
IND,2015,0.633,0.423,0.611,0.496,0.837,
IND,2016,0.644,0.434,0.621,0.484,0.84,
IND,2017,0.649,0.438,0.625,0.488,0.84,
IND,2018,0.648,0.436,0.623,0.487,0.824,
IND,2019,0.651,0.445,0.626,0.464,0.836,
IND,2020,0.652,0.444,0.628,0.441,0.843,
IND,2021,0.647,0.443,0.622,0.438,0.846,
IND,2022,0.676,0.468,0.648,0.427,0.856,
IND,2023,0.685,0.475,0.656,0.403,0.874,
IDN,2010,0.67,0.535,0.641,0.494,0.922,
IDN,2011,0.678,0.536,0.647,0.501,0.925,
IDN,2012,0.686,0.544,0.651,0.489,0.929,
IDN,2013,0.69,0.55,0.654,0.482,0.926,
IDN,2014,0.693,0.555,0.658,0.482,0.926,
IDN,2015,0.701,0.56,0.665,0.477,0.931,
IDN,2016,0.705,0.572,0.669,0.471,0.935,
IDN,2017,0.712,0.574,0.674,0.455,0.933,
IDN,2018,0.715,0.58,0.675,0.444,0.937,
IDN,2019,0.714,0.587,0.674,0.436,0.94,
IDN,2020,0.71,0.584,0.671,0.429,0.944,
IDN,2021,0.707,0.589,0.668,0.425,0.944,
IDN,2022,0.726,0.605,0.683,0.422,0.943,
IDN,2023,0.728,0.608,0.684,0.423,0.945,
IRN,2010,0.778,0.587,0.693,0.545,0.88,
IRN,2011,0.787,0.599,0.699,0.551,0.874,
IRN,2012,0.795,0.602,0.702,0.525,0.878,
IRN,2013,0.794,0.607,0.711,0.543,0.866,
IRN,2014,0.795,0.621,0.714,0.537,0.865,
IRN,2015,0.788,0.618,0.712,0.532,0.867,
IRN,2016,0.791,0.618,0.716,0.47,0.879,
IRN,2017,0.793,0.619,0.72,0.46,0.882,
IRN,2018,0.79,0.628,0.722,0.455,0.884,
IRN,2019,0.787,0.625,0.711,0.463,0.882,
IRN,2020,0.775,0.62,0.7,0.483,0.873,
IRN,2021,0.777,0.623,0.702,0.487,0.872,
IRN,2022,0.793,0.638,0.721,0.483,0.876,
IRN,2023,0.799,0.643,0.725,0.482,0.875,
IRQ,2010,0.65,,0.611,0.612,0.778,
IRQ,2011,0.656,0.493,0.615,0.612,0.782,
IRQ,2012,0.664,0.499,0.624,0.61,0.786,
IRQ,2013,0.668,0.503,0.627,0.601,0.793,
IRQ,2014,0.671,0.507,0.631,0.587,0.796,
IRQ,2015,0.675,0.51,0.638,0.578,0.802,
IRQ,2016,0.676,0.51,0.641,0.558,0.822,
IRQ,2017,0.681,0.516,0.646,0.579,0.794,
IRQ,2018,0.689,0.526,0.652,0.573,0.789,
IRQ,2019,0.693,0.529,0.651,0.571,0.793,
IRQ,2020,0.68,0.521,0.648,0.569,0.799,
IRQ,2021,0.687,0.526,0.658,0.562,0.789,
IRQ,2022,0.695,0.534,0.665,0.56,0.795,
IRQ,2023,0.695,0.534,0.665,0.558,0.793,
IRL,2010,0.915,0.835,0.725,0.163,0.972,
IRL,2011,0.909,0.83,0.736,0.141,0.97,
IRL,2012,0.911,0.83,0.745,0.135,0.972,
IRL,2013,0.915,0.836,0.755,0.121,0.97,
IRL,2014,0.921,0.845,0.755,0.116,0.969,
IRL,2015,0.931,0.86,0.753,0.111,0.973,
IRL,2016,0.936,0.864,0.727,0.093,0.978,
IRL,2017,0.941,0.867,0.739,0.087,0.98,
IRL,2018,0.944,0.875,0.748,0.082,0.982,
IRL,2019,0.947,0.881,0.699,0.076,0.987,
IRL,2020,0.948,0.883,0.722,0.066,0.986,
IRL,2021,0.946,0.885,0.75,0.063,0.991,
IRL,2022,0.947,0.882,0.754,0.055,0.996,
IRL,2023,0.949,0.886,0.752,0.054,1.001,
ISR,2010,0.889,0.764,0.676,0.144,0.969,
ISR,2011,0.892,0.771,0.687,0.137,0.968,
ISR,2012,0.893,0.771,0.669,0.133,0.97,
ISR,2013,0.899,0.786,0.693,0.118,0.971,
ISR,2014,0.902,0.789,0.71,0.116,0.973,
ISR,2015,0.902,0.791,0.695,0.103,0.976,
ISR,2016,0.905,0.797,0.711,0.1,0.973,
ISR,2017,0.908,0.801,0.7,0.096,0.987,
ISR,2018,0.911,0.807,0.7,0.09,0.979,
ISR,2019,0.913,0.808,0.703,0.094,0.989,
ISR,2020,0.912,0.809,0.718,0.08,0.991,
ISR,2021,0.918,0.813,0.712,0.076,0.982,
ISR,2022,0.921,0.816,0.71,0.087,0.991,
ISR,2023,0.919,0.813,0.709,0.08,0.994,
ITA,2010,0.887,0.777,0.751,0.123,0.969,
ITA,2011,0.89,0.775,0.753,0.118,0.97,
ITA,2012,0.887,0.776,0.765,0.114,0.971,
ITA,2013,0.887,0.78,0.77,0.085,0.969,
ITA,2014,0.89,0.771,0.781,0.081,0.969,
ITA,2015,0.889,0.773,0.782,0.079,0.968,
ITA,2016,0.894,0.773,0.785,0.074,0.97,
ITA,2017,0.897,0.782,0.785,0.069,0.969,
ITA,2018,0.902,0.786,0.787,0.056,0.969,
ITA,2019,0.906,0.794,0.795,0.052,0.971,
ITA,2020,0.899,0.792,0.798,0.048,0.975,
ITA,2021,0.908,0.799,0.794,0.044,0.972,
ITA,2022,0.905,0.799,0.792,0.046,0.975,
ITA,2023,0.915,0.817,0.801,0.043,0.975,
JAM,2010,0.708,,0.677,0.43,1.009,
JAM,2011,0.711,0.58,0.675,0.412,1.01,
JAM,2012,0.711,0.582,0.675,0.413,1.011,
JAM,2013,0.711,0.571,0.675,0.417,1.014,
JAM,2014,0.712,0.587,0.678,0.419,1.015,
JAM,2015,0.713,0.586,0.681,0.409,1.004,
JAM,2016,0.714,0.587,0.683,0.399,1.005,
JAM,2017,0.715,0.587,0.683,0.397,1.007,
JAM,2018,0.715,0.586,0.684,0.384,1.009,
JAM,2019,0.716,0.586,0.682,0.385,1.01,
JAM,2020,0.711,0.582,0.679,0.362,1.01,
JAM,2021,0.703,0.576,0.672,0.362,1.009,
JAM,2022,0.718,0.589,0.686,0.36,1.011,
JAM,2023,0.72,0.59,0.686,0.358,1.013,
JPN,2010,0.907,0.822,0.754,0.118,0.957,
JPN,2011,0.906,0.833,0.749,0.117,0.957,
JPN,2012,0.909,0.837,0.743,0.126,0.958,
JPN,2013,0.912,0.84,0.747,0.128,0.959,
JPN,2014,0.914,0.837,0.751,0.126,0.96,
JPN,2015,0.917,0.84,0.761,0.118,0.961,
JPN,2016,0.918,0.841,0.761,0.104,0.962,
JPN,2017,0.92,0.841,0.765,0.096,0.964,
JPN,2018,0.921,0.837,0.766,0.091,0.965,
JPN,2019,0.922,0.84,0.768,0.082,0.966,
JPN,2020,0.922,0.841,0.773,0.079,0.965,
JPN,2021,0.922,0.842,0.772,0.072,0.966,
JPN,2022,0.921,0.841,0.78,0.062,0.97,
JPN,2023,0.925,0.845,0.785,0.059,0.97,
JOR,2010,0.732,0.586,0.676,0.489,0.862,
JOR,2011,0.734,0.585,0.675,0.488,0.866,
JOR,2012,0.74,0.604,0.687,0.491,0.867,
JOR,2013,0.742,0.606,0.689,0.488,0.862,
JOR,2014,0.742,0.612,0.692,0.489,0.857,
JOR,2015,0.743,0.613,0.695,0.477,0.863,
JOR,2016,0.745,0.616,0.697,0.442,0.88,
JOR,2017,0.747,0.621,0.704,0.427,0.892,
JOR,2018,0.747,0.622,0.705,0.434,0.886,
JOR,2019,0.75,0.625,0.709,0.439,0.877,
JOR,2020,0.743,0.62,0.706,0.442,0.888,
JOR,2021,0.736,0.615,0.699,0.441,0.883,
JOR,2022,0.751,0.627,0.713,0.433,0.883,
JOR,2023,0.754,0.637,0.714,0.433,0.861,
KAZ,2010,0.781,0.691,0.641,0.27,1.014,
KAZ,2011,0.79,0.703,0.647,0.26,1.013,
KAZ,2012,0.799,0.713,0.644,0.236,1.012,
KAZ,2013,0.808,0.725,0.647,0.233,1.019,
KAZ,2014,0.813,0.732,0.635,0.229,1.018,
KAZ,2015,0.819,0.747,0.623,0.217,1.004,
KAZ,2016,0.82,0.747,0.634,0.212,1.005,
KAZ,2017,0.824,0.752,0.637,0.198,1.0,
KAZ,2018,0.828,0.756,0.641,0.195,1.01,
KAZ,2019,0.834,0.762,0.663,0.192,0.999,
KAZ,2020,0.826,0.755,0.663,0.182,1.005,
KAZ,2021,0.816,0.746,0.661,0.182,1.012,
KAZ,2022,0.831,0.76,0.679,0.168,1.004,
KAZ,2023,0.837,0.766,0.687,0.182,1.004,
KEN,2010,0.552,0.356,0.54,0.607,0.923,
KEN,2011,0.56,0.362,0.548,0.603,0.927,
KEN,2012,0.565,0.366,0.552,0.601,0.93,
KEN,2013,0.57,0.37,0.556,0.568,0.932,
KEN,2014,0.576,0.379,0.562,0.562,0.935,
KEN,2015,0.583,0.385,0.568,0.551,0.938,
KEN,2016,0.594,0.414,0.579,0.547,0.93,
KEN,2017,0.599,0.418,0.585,0.536,0.94,
KEN,2018,0.605,0.423,0.59,0.538,0.938,
KEN,2019,0.611,0.428,0.593,0.535,0.945,
KEN,2020,0.6,0.432,0.582,0.533,0.948,
KEN,2021,0.608,0.433,0.589,0.533,0.952,
KEN,2022,0.626,0.454,0.607,0.527,0.945,
KEN,2023,0.628,0.456,0.61,0.526,0.944,
KIR,2010,0.6,,,,0.955,
KIR,2011,0.603,,,,0.957,
KIR,2012,0.608,,,,0.955,
KIR,2013,0.613,,,,0.953,
KIR,2014,0.615,,,,0.95,
KIR,2015,0.623,,,,0.944,
KIR,2016,0.627,,,,0.95,
KIR,2017,0.63,,,,0.953,
KIR,2018,0.633,0.508,,,0.955,
KIR,2019,0.635,0.51,,,0.947,
KIR,2020,0.632,0.523,,,0.968,
KIR,2021,0.631,0.523,,,0.97,
KIR,2022,0.642,0.533,,,0.974,
KIR,2023,0.644,0.535,,,0.976,
KOR,2010,0.894,0.798,0.717,0.078,0.933,
KOR,2011,0.899,0.805,0.713,0.08,0.933,
KOR,2012,0.901,0.811,0.718,0.074,0.934,
KOR,2013,0.905,0.817,0.721,0.073,0.935,
KOR,2014,0.91,0.824,0.728,0.07,0.936,
KOR,2015,0.914,0.827,0.732,0.067,0.937,
KOR,2016,0.918,0.833,0.731,0.061,0.939,
KOR,2017,0.922,0.837,0.727,0.054,0.941,
KOR,2018,0.924,0.84,0.725,0.055,0.944,
KOR,2019,0.927,0.843,0.731,0.051,0.946,
KOR,2020,0.928,0.844,0.737,0.042,0.947,
KOR,2021,0.933,0.85,0.735,0.04,0.948,
KOR,2022,0.928,0.846,0.737,0.04,0.949,
KOR,2023,0.937,0.857,0.745,0.038,0.959,
KWT,2010,0.812,,0.445,0.207,0.997,
KWT,2011,0.817,,0.455,0.196,1.0,
KWT,2012,0.822,,0.48,0.211,0.995,
KWT,2013,0.814,,0.503,0.195,1.008,
KWT,2014,0.818,,0.508,0.301,1.006,
KWT,2015,0.832,,0.472,0.3,1.006,
KWT,2016,0.836,,0.449,0.284,1.005,
KWT,2017,0.838,,0.448,0.248,1.006,
KWT,2018,0.84,,0.454,0.24,1.009,
KWT,2019,0.843,,0.467,0.202,1.01,
KWT,2020,0.837,,0.533,0.16,1.011,
KWT,2021,0.839,,0.524,0.252,1.01,
KWT,2022,0.845,,0.521,0.138,1.022,
KWT,2023,0.852,,0.531,0.188,1.011,
KGZ,2010,0.668,0.579,0.653,0.368,0.978,
KGZ,2011,0.67,0.588,0.653,0.372,0.976,
KGZ,2012,0.679,0.6,0.659,0.373,0.974,
KGZ,2013,0.686,0.607,0.664,0.382,0.964,
KGZ,2014,0.691,0.616,0.669,0.373,0.964,
KGZ,2015,0.695,0.617,0.674,0.383,0.967,
KGZ,2016,0.7,0.627,0.679,0.37,0.961,
KGZ,2017,0.704,0.631,0.684,0.368,0.953,
KGZ,2018,0.708,0.638,0.684,0.372,0.949,
KGZ,2019,0.708,0.636,0.684,0.362,0.953,
KGZ,2020,0.7,0.63,0.677,0.363,0.95,
KGZ,2021,0.704,0.634,0.681,0.346,0.957,
KGZ,2022,0.717,0.646,0.695,0.34,0.956,
KGZ,2023,0.72,0.649,0.699,0.34,0.959,
LAO,2010,0.556,0.406,0.532,0.533,0.891,
LAO,2011,0.567,0.41,0.544,0.529,0.892,
LAO,2012,0.577,0.419,0.548,0.521,0.897,
LAO,2013,0.587,0.426,0.557,0.517,0.901,
LAO,2014,0.597,0.436,0.564,0.5,0.905,
LAO,2015,0.604,0.442,0.564,0.498,0.908,
LAO,2016,0.609,0.447,0.562,0.485,0.911,
LAO,2017,0.612,0.457,0.562,0.485,0.923,
LAO,2018,0.613,0.459,0.563,0.484,0.916,
LAO,2019,0.615,0.458,0.566,0.478,0.918,
LAO,2020,0.616,0.459,0.569,0.464,0.926,
LAO,2021,0.613,0.458,0.564,0.476,0.921,
LAO,2022,0.614,0.46,0.567,0.476,0.925,
LAO,2023,0.617,0.462,0.57,0.475,0.911,
LVA,2010,0.833,0.744,0.744,0.229,1.04,
LVA,2011,0.84,0.752,0.739,0.221,1.034,
LVA,2012,0.843,0.756,0.739,0.219,1.033,
LVA,2013,0.852,0.767,0.748,0.21,1.026,
LVA,2014,0.854,0.769,0.748,0.23,1.03,
LVA,2015,0.859,0.775,0.755,0.225,1.033,
LVA,2016,0.864,0.784,0.762,0.212,1.032,
LVA,2017,0.87,0.789,0.757,0.215,1.033,
LVA,2018,0.875,0.792,0.754,0.168,1.031,
LVA,2019,0.88,0.799,0.75,0.164,1.024,
LVA,2020,0.879,0.801,0.753,0.142,1.025,
LVA,2021,0.871,0.79,0.74,0.141,1.031,
LVA,2022,0.881,0.804,0.751,0.129,1.028,
LVA,2023,0.889,0.812,0.749,0.117,1.026,
LBN,2010,0.75,,0.689,0.433,0.93,
LBN,2011,0.758,,0.689,0.438,0.936,
LBN,2012,0.762,,0.688,0.434,0.945,
LBN,2013,0.762,,0.691,0.432,0.952,
LBN,2014,0.761,,0.692,0.428,0.958,
LBN,2015,0.763,,0.701,0.424,0.966,
LBN,2016,0.767,,0.705,0.421,0.975,
LBN,2017,0.772,,0.706,0.418,0.985,
LBN,2018,0.774,,0.705,0.381,0.991,
LBN,2019,0.771,,0.706,0.384,1.013,
LBN,2020,0.75,,0.683,0.387,0.995,
LBN,2021,0.733,,0.666,0.383,0.999,
LBN,2022,0.755,,0.695,0.361,0.992,
LBN,2023,0.752,,0.691,0.36,0.992,
LSO,2010,0.478,0.271,,0.59,0.989,
LSO,2011,0.485,0.276,,0.589,0.995,
LSO,2012,0.496,0.283,,0.583,0.996,
LSO,2013,0.502,0.288,,0.575,0.996,
LSO,2014,0.509,0.295,,0.57,0.994,
LSO,2015,0.517,0.3,,0.568,0.995,
LSO,2016,0.526,0.306,,0.565,0.993,
LSO,2017,0.531,0.309,,0.566,0.991,
LSO,2018,0.538,0.347,,0.559,0.991,
LSO,2019,0.541,0.349,,0.56,0.994,
LSO,2020,0.537,0.347,,0.548,0.995,
LSO,2021,0.532,0.345,,0.544,0.999,
LSO,2022,0.547,0.354,,0.535,1.005,
LSO,2023,0.55,0.357,,0.534,1.006,
LBR,2010,0.467,,0.461,0.644,0.84,
LBR,2011,0.471,,0.465,0.657,0.809,
LBR,2012,0.475,,0.469,0.654,0.813,
LBR,2013,0.481,0.294,0.475,0.653,0.819,
LBR,2014,0.479,0.3,0.473,0.664,0.832,
LBR,2015,0.48,0.301,0.474,0.664,0.824,
LBR,2016,0.485,0.303,0.479,0.662,0.821,
LBR,2017,0.491,0.308,0.485,0.652,0.885,
LBR,2018,0.495,0.311,0.489,0.649,0.842,
LBR,2019,0.497,0.314,0.491,0.65,0.848,
LBR,2020,0.498,0.316,0.493,0.654,0.859,
LBR,2021,0.503,0.32,0.498,0.651,0.864,
LBR,2022,0.508,0.323,0.503,0.651,0.864,
LBR,2023,0.51,0.326,0.505,0.646,0.865,
LBY,2010,0.755,,0.613,0.294,0.964,
LBY,2011,0.715,,0.614,0.302,0.977,
LBY,2012,0.758,,0.626,0.258,0.976,
LBY,2013,0.748,,0.627,0.267,0.974,
LBY,2014,0.728,,0.586,0.268,0.982,
LBY,2015,0.728,,0.62,0.268,0.983,
LBY,2016,0.725,,0.617,0.269,0.984,
LBY,2017,0.74,,0.623,0.26,0.98,
LBY,2018,0.743,,0.627,0.262,0.978,
LBY,2019,0.737,,0.598,0.264,0.98,
LBY,2020,0.688,,0.61,0.262,0.968,
LBY,2021,0.729,,0.634,0.259,0.975,
LBY,2022,0.741,,0.648,0.255,0.974,
LBY,2023,0.721,,0.629,0.253,0.955,
LIE,2010,0.914,,,,0.96,
LIE,2011,0.919,,,,0.957,
LIE,2012,0.919,,,,0.958,
LIE,2013,0.92,,,,0.955,
LIE,2014,0.923,,,,0.953,
LIE,2015,0.925,,,,0.951,
LIE,2016,0.926,,,,0.953,
LIE,2017,0.929,,,,0.958,
LIE,2018,0.928,,,,0.96,
LIE,2019,0.935,,,,0.962,
LIE,2020,0.929,,,,0.963,
LIE,2021,0.933,,,,0.966,
LIE,2022,0.936,,,,0.965,
LIE,2023,0.938,,,,0.964,
LTU,2010,0.854,0.753,0.756,0.15,1.04,
LTU,2011,0.86,0.77,0.752,0.154,1.044,
LTU,2012,0.862,0.78,0.755,0.14,1.038,
LTU,2013,0.865,0.777,0.756,0.138,1.031,
LTU,2014,0.866,0.779,0.757,0.135,1.026,
LTU,2015,0.869,0.773,0.758,0.138,1.03,
LTU,2016,0.875,0.781,0.76,0.139,1.029,
LTU,2017,0.885,0.79,0.76,0.134,1.023,
LTU,2018,0.889,0.797,0.759,0.129,1.02,
LTU,2019,0.894,0.807,0.756,0.121,1.017,
LTU,2020,0.888,0.808,0.758,0.095,1.023,
LTU,2021,0.887,0.804,0.748,0.081,1.022,
LTU,2022,0.888,0.802,0.754,0.073,1.028,
LTU,2023,0.895,0.812,0.751,0.07,1.022,
LUX,2010,0.909,0.827,0.534,0.112,0.975,
LUX,2011,0.911,0.83,0.599,0.091,0.975,
LUX,2012,0.914,0.835,0.618,0.097,0.981,
LUX,2013,0.919,0.839,0.579,0.075,0.98,
LUX,2014,0.924,0.836,0.598,0.073,0.989,
LUX,2015,0.913,0.826,0.581,0.068,0.985,
LUX,2016,0.916,0.823,0.612,0.063,0.992,
LUX,2017,0.913,0.826,0.628,0.058,0.992,
LUX,2018,0.915,0.826,0.602,0.074,0.996,
LUX,2019,0.916,0.826,0.566,0.062,0.992,
LUX,2020,0.916,0.831,0.616,0.048,0.997,
LUX,2021,0.918,0.835,0.449,0.037,0.998,
LUX,2022,0.922,0.832,0.484,0.043,0.999,
LUX,2023,0.922,0.838,0.479,0.044,0.996,
MDG,2010,0.493,0.321,0.485,,0.938,
MDG,2011,0.494,0.322,0.486,,0.937,
MDG,2012,0.496,0.324,0.487,,0.924,
MDG,2013,0.497,0.323,0.489,,0.94,
MDG,2014,0.5,0.324,0.492,,0.941,
MDG,2015,0.501,0.326,0.493,,0.952,
MDG,2016,0.501,0.326,0.493,,0.94,
MDG,2017,0.505,0.328,0.497,,0.941,
MDG,2018,0.501,0.327,0.494,,0.941,
MDG,2019,0.495,0.323,0.489,,0.94,
MDG,2020,0.483,0.315,0.477,,0.939,
MDG,2021,0.481,0.315,0.475,0.584,0.935,
MDG,2022,0.483,0.317,0.477,0.583,0.94,
MDG,2023,0.487,0.319,0.481,0.584,0.934,
MWI,2010,0.475,0.313,0.466,0.614,0.898,
MWI,2011,0.483,0.308,0.474,0.607,0.9,
MWI,2012,0.488,0.313,0.479,0.607,0.905,
MWI,2013,0.494,0.322,0.485,0.602,0.899,
MWI,2014,0.5,0.327,0.491,0.611,0.913,
MWI,2015,0.504,0.331,0.496,0.609,0.914,
MWI,2016,0.506,0.334,0.498,0.603,0.917,
MWI,2017,0.508,0.342,0.499,0.592,0.924,
MWI,2018,0.51,0.345,0.501,0.596,0.925,
MWI,2019,0.513,0.348,0.504,0.577,0.926,
MWI,2020,0.512,0.358,0.501,0.579,0.934,
MWI,2021,0.509,0.358,0.498,0.577,0.929,
MWI,2022,0.513,0.361,0.502,0.576,0.927,
MWI,2023,0.517,0.365,0.507,0.581,0.925,
MYS,2010,0.779,0.642,0.679,0.262,0.957,
MYS,2011,0.782,0.644,0.659,0.262,0.971,
MYS,2012,0.787,0.655,0.659,0.253,0.973,
MYS,2013,0.791,0.658,0.658,0.246,0.967,
MYS,2014,0.795,0.671,0.667,0.236,0.982,
MYS,2015,0.8,0.675,0.676,0.233,0.985,
MYS,2016,0.805,0.686,0.684,0.224,0.981,
MYS,2017,0.807,0.699,0.677,0.212,0.981,
MYS,2018,0.809,0.7,0.674,0.193,0.985,
MYS,2019,0.812,0.699,0.672,0.193,0.987,
MYS,2020,0.81,0.704,0.678,0.182,0.988,
MYS,2021,0.802,0.696,0.667,0.173,0.976,
MYS,2022,0.81,0.699,0.672,0.173,0.973,
MYS,2023,0.819,0.707,0.677,0.172,0.973,
MDV,2010,0.689,0.475,,0.395,0.947,
MDV,2011,0.698,0.482,,0.39,0.949,
MDV,2012,0.704,0.487,,0.373,0.951,
MDV,2013,0.71,0.492,,0.358,0.954,
MDV,2014,0.718,0.499,,0.369,0.961,
MDV,2015,0.725,0.504,,0.364,0.957,
MDV,2016,0.732,0.565,,0.348,0.997,
MDV,2017,0.739,0.571,,0.328,0.964,
MDV,2018,0.744,0.576,,0.318,0.969,
MDV,2019,0.749,0.58,,0.325,1.016,
MDV,2020,0.73,0.572,,0.325,0.972,
MDV,2021,0.745,0.585,,0.319,0.979,
MDV,2022,0.764,0.601,,0.312,0.985,
MDV,2023,0.766,0.602,,0.309,0.986,
MLI,2010,0.41,,0.403,0.666,0.819,
MLI,2011,0.415,0.234,0.408,0.666,0.82,
MLI,2012,0.411,0.247,0.404,0.663,0.85,
MLI,2013,0.409,0.251,0.403,0.659,0.868,
MLI,2014,0.414,0.26,0.407,0.67,0.823,
MLI,2015,0.413,0.271,0.406,0.646,0.85,
MLI,2016,0.411,0.272,0.403,0.671,0.813,
MLI,2017,0.416,0.274,0.407,0.664,0.81,
MLI,2018,0.421,0.276,0.411,0.666,0.767,
MLI,2019,0.425,0.282,0.415,0.671,0.767,
MLI,2020,0.414,0.273,0.405,0.605,0.829,
MLI,2021,0.414,0.276,0.406,0.611,0.816,
MLI,2022,0.417,0.279,0.409,0.613,0.802,
MLI,2023,0.419,0.281,0.411,0.612,0.812,
MLT,2010,0.867,0.789,0.714,0.263,0.937,
MLT,2011,0.862,0.787,0.727,0.259,0.948,
MLT,2012,0.87,0.797,0.738,0.243,0.952,
MLT,2013,0.88,0.803,0.749,0.194,0.958,
MLT,2014,0.886,0.813,0.771,0.187,0.958,
MLT,2015,0.892,0.816,0.78,0.189,0.966,
MLT,2016,0.891,0.812,0.799,0.188,0.964,
MLT,2017,0.901,0.825,0.797,0.187,0.97,
MLT,2018,0.908,0.833,0.794,0.182,0.972,
MLT,2019,0.91,0.837,0.796,0.161,0.972,
MLT,2020,0.903,0.829,0.791,0.162,0.977,
MLT,2021,0.914,0.837,0.796,0.158,0.977,
MLT,2022,0.917,0.836,0.797,0.109,0.982,
MLT,2023,0.924,0.843,0.799,0.111,0.977,
MHL,2011,0.666,,,,0.927,
MHL,2012,0.668,,,,0.924,
MHL,2013,0.676,,,,0.923,
MHL,2014,0.681,,,,0.922,
MHL,2015,0.691,,,,0.923,
MHL,2016,0.696,,,,0.922,
MHL,2017,0.702,,,,0.922,
MHL,2018,0.71,,,,0.922,
MHL,2019,0.722,,,,0.953,
MHL,2020,0.722,0.614,,,0.94,
MHL,2021,0.723,0.615,,,0.948,
MHL,2022,0.732,0.624,,,0.96,
MHL,2023,0.733,0.626,,,0.96,
MRT,2010,0.525,0.338,0.504,0.644,0.865,
MRT,2011,0.53,0.344,0.512,0.64,0.864,
MRT,2012,0.538,0.35,0.518,0.637,0.873,
MRT,2013,0.544,0.355,0.524,0.633,0.868,
MRT,2014,0.547,0.364,0.529,0.627,0.86,
MRT,2015,0.551,0.364,0.533,0.624,0.852,
MRT,2016,0.548,0.363,0.53,0.619,0.856,
MRT,2017,0.551,0.366,0.533,0.609,0.877,
MRT,2018,0.561,0.373,0.54,0.618,0.868,
MRT,2019,0.566,0.374,0.545,0.612,0.881,
MRT,2020,0.554,0.367,0.533,0.614,0.881,
MRT,2021,0.553,0.367,0.531,0.612,0.884,
MRT,2022,0.562,0.372,0.54,0.61,0.886,
MRT,2023,0.563,0.374,0.542,0.603,0.886,
MUS,2010,0.755,0.617,,0.37,0.946,
MUS,2011,0.762,0.623,,0.35,0.946,
MUS,2012,0.778,0.627,,0.355,0.953,
MUS,2013,0.781,0.63,,0.344,0.958,
MUS,2014,0.79,0.64,,0.343,0.961,
MUS,2015,0.792,0.643,,0.373,0.967,
MUS,2016,0.795,0.646,,0.37,0.965,
MUS,2017,0.799,0.654,,0.36,0.972,
MUS,2018,0.801,0.654,,0.363,0.976,
MUS,2019,0.803,0.657,,0.325,0.976,
MUS,2020,0.795,0.65,,0.359,0.99,
MUS,2021,0.789,0.65,,0.361,0.985,
MUS,2022,0.794,0.659,,0.36,0.984,
MUS,2023,0.806,0.669,,0.352,0.971,
MEX,2010,0.751,0.578,0.686,0.418,0.952,
MEX,2011,0.757,0.583,0.691,0.414,0.953,
MEX,2012,0.764,0.588,0.696,0.391,0.952,
MEX,2013,0.765,0.589,0.697,0.39,0.954,
MEX,2014,0.769,0.597,0.702,0.388,0.954,
MEX,2015,0.773,0.601,0.707,0.379,0.955,
MEX,2016,0.778,0.613,0.712,0.37,0.958,
MEX,2017,0.781,0.616,0.717,0.372,0.96,
MEX,2018,0.785,0.63,0.718,0.365,0.964,
MEX,2019,0.788,0.633,0.722,0.366,0.968,
MEX,2020,0.763,0.618,0.705,0.368,0.979,
MEX,2021,0.761,0.616,0.699,0.365,0.982,
MEX,2022,0.783,0.639,0.718,0.361,0.978,
MEX,2023,0.789,0.646,0.721,0.358,0.976,
FSM,2010,0.603,,,,,
FSM,2011,0.605,,,,,
FSM,2012,0.605,,,,,
FSM,2013,0.603,,,,,
FSM,2014,0.602,,,,0.926,
FSM,2015,0.604,,,,0.93,
FSM,2016,0.606,,,,0.932,
FSM,2017,0.607,,,,0.936,
FSM,2018,0.608,,,,0.937,
FSM,2019,0.611,,,,0.941,
FSM,2020,0.609,,,,0.947,
FSM,2021,0.611,,,,0.948,
FSM,2022,0.614,,,,0.951,
FSM,2023,0.615,,,,0.953,
MDA,2010,0.739,0.657,0.704,0.239,1.014,
MDA,2011,0.748,0.668,0.711,0.233,1.017,
MDA,2012,0.754,0.673,0.713,0.229,1.015,
MDA,2013,0.758,0.684,0.714,0.227,1.02,
MDA,2014,0.762,0.687,0.716,0.248,1.019,
MDA,2015,0.759,0.686,0.723,0.234,1.021,
MDA,2016,0.763,0.695,0.727,0.226,1.023,
MDA,2017,0.769,0.702,0.729,0.215,1.023,
MDA,2018,0.772,0.705,0.726,0.209,1.02,
MDA,2019,0.775,0.707,0.729,0.183,1.022,
MDA,2020,0.77,0.704,0.725,0.182,1.02,
MDA,2021,0.773,0.708,0.719,0.152,1.02,
MDA,2022,0.784,0.718,0.734,0.142,1.028,
MDA,2023,0.785,0.719,0.738,0.146,1.029,
MNG,2010,0.714,0.603,0.62,0.416,1.034,
MNG,2011,0.725,0.613,0.604,0.42,1.036,
MNG,2012,0.735,0.623,0.594,0.347,1.037,
MNG,2013,0.744,0.632,0.569,0.339,1.038,
MNG,2014,0.748,0.64,0.596,0.332,1.037,
MNG,2015,0.753,0.646,0.618,0.336,1.037,
MNG,2016,0.759,0.652,0.621,0.331,1.035,
MNG,2017,0.759,0.653,0.608,0.33,1.038,
MNG,2018,0.767,0.66,0.59,0.322,1.034,
MNG,2019,0.758,0.653,0.576,0.311,1.041,
MNG,2020,0.741,0.638,0.589,0.301,1.038,
MNG,2021,0.727,0.627,0.566,0.292,1.033,
MNG,2022,0.742,0.642,0.577,0.284,1.029,
MNG,2023,0.747,0.647,0.577,0.284,1.03,
MNE,2010,0.815,0.715,,0.21,0.957,
MNE,2011,0.822,0.715,,0.19,0.961,
MNE,2012,0.825,0.718,,0.159,0.964,
MNE,2013,0.83,0.724,,0.159,0.964,
MNE,2014,0.833,0.734,,0.149,0.964,
MNE,2015,0.839,0.742,,0.145,0.964,
MNE,2016,0.836,0.738,,0.124,0.963,
MNE,2017,0.843,0.741,,0.122,0.968,
MNE,2018,0.849,0.745,,0.122,0.963,
MNE,2019,0.851,0.752,,0.113,0.973,
MNE,2020,0.841,0.75,,0.125,0.972,
MNE,2021,0.84,0.751,,0.117,0.977,
MNE,2022,0.853,0.76,,0.11,0.979,
MNE,2023,0.862,0.771,,0.121,0.984,
MAR,2010,0.607,0.42,0.58,0.554,0.833,
MAR,2011,0.619,0.429,0.591,0.519,0.837,
MAR,2012,0.629,0.437,0.601,0.512,0.838,
MAR,2013,0.639,0.446,0.61,0.502,0.842,
MAR,2014,0.648,0.455,0.621,0.495,0.845,
MAR,2015,0.659,0.463,0.631,0.469,0.847,
MAR,2016,0.665,0.469,0.637,0.453,0.847,
MAR,2017,0.674,0.476,0.644,0.45,0.843,
MAR,2018,0.68,0.492,0.648,0.449,0.846,
MAR,2019,0.687,0.498,0.657,0.448,0.849,
MAR,2020,0.683,0.495,0.655,0.445,0.853,
MAR,2021,0.69,0.501,0.659,0.439,0.858,
MAR,2022,0.704,0.512,0.673,0.44,0.857,
MAR,2023,0.71,0.517,0.679,0.438,0.859,
MOZ,2010,0.419,,0.413,0.545,0.891,
MOZ,2011,0.424,0.254,0.417,0.546,0.892,
MOZ,2012,0.431,0.259,0.423,0.537,0.9,
MOZ,2013,0.443,0.268,0.435,0.527,0.909,
MOZ,2014,0.45,0.273,0.441,0.524,0.916,
MOZ,2015,0.457,0.259,0.449,0.517,0.923,
MOZ,2016,0.46,0.262,0.452,0.513,0.914,
MOZ,2017,0.461,0.263,0.454,0.513,0.906,
MOZ,2018,0.469,0.269,0.461,0.502,0.913,
MOZ,2019,0.475,0.273,0.467,0.491,0.92,
MOZ,2020,0.477,0.279,0.47,0.474,0.932,
MOZ,2021,0.478,0.281,0.471,0.477,0.928,
MOZ,2022,0.49,0.295,0.483,0.481,0.919,
MOZ,2023,0.493,0.297,0.486,0.479,0.92,
MMR,2010,0.515,,0.501,,,
MMR,2011,0.525,,0.51,,,
MMR,2012,0.535,,0.521,,,
MMR,2013,0.546,,0.531,,,
MMR,2014,0.557,,0.539,,,
MMR,2015,0.566,0.426,0.548,0.495,0.963,
MMR,2016,0.574,0.433,0.556,0.512,0.954,
MMR,2017,0.587,0.454,0.567,0.512,0.973,
MMR,2018,0.6,0.465,0.583,0.501,0.975,
MMR,2019,0.61,0.474,0.593,0.5,0.974,
MMR,2020,0.609,0.475,0.592,0.472,0.97,
MMR,2021,0.605,0.472,0.589,0.478,0.948,
MMR,2022,0.606,0.474,0.59,0.479,0.948,
MMR,2023,0.609,0.477,0.593,0.478,0.947,
NAM,2010,0.591,0.376,0.551,0.541,0.981,
NAM,2011,0.598,0.38,0.559,0.531,0.984,
NAM,2012,0.607,0.388,0.561,0.523,0.993,
NAM,2013,0.616,0.399,0.565,0.51,1.002,
NAM,2014,0.624,0.404,0.575,0.504,1.003,
NAM,2015,0.63,0.409,0.585,0.482,0.996,
NAM,2016,0.634,0.412,0.59,0.471,1.014,
NAM,2017,0.638,0.415,0.604,0.463,1.001,
NAM,2018,0.642,0.418,0.598,0.453,1.014,
NAM,2019,0.647,0.422,0.599,0.456,1.008,
NAM,2020,0.647,0.424,0.602,0.452,1.011,
NAM,2021,0.631,0.414,0.578,0.45,1.007,
NAM,2022,0.649,0.426,0.596,0.448,1.01,
NAM,2023,0.665,0.438,0.611,0.448,1.011,
NRU,2010,0.616,,,,0.94,
NRU,2011,0.624,,,,0.942,
NRU,2012,0.633,,,,0.945,
NRU,2013,0.64,,,,0.951,
NRU,2014,0.655,,,,0.951,
NRU,2015,0.66,,,,0.953,
NRU,2016,0.67,,,,0.954,
NRU,2017,0.67,,,,0.953,
NRU,2018,0.668,,,,0.952,
NRU,2019,0.678,,,,0.954,
NRU,2020,0.684,,,,0.956,
NRU,2021,0.692,0.588,,,0.956,
NRU,2022,0.7,0.596,,,0.957,
NRU,2023,0.703,0.599,,,0.955,
NPL,2010,0.551,,0.539,0.529,0.897,
NPL,2011,0.559,0.379,0.547,0.517,0.902,
NPL,2012,0.565,0.384,0.551,0.516,0.905,
NPL,2013,0.57,0.388,0.555,0.51,0.908,
NPL,2014,0.574,0.386,0.558,0.515,0.912,
NPL,2015,0.575,0.387,0.558,0.511,0.913,
NPL,2016,0.58,0.4,0.562,0.512,0.899,
NPL,2017,0.588,0.406,0.565,0.536,0.866,
NPL,2018,0.596,0.413,0.569,0.519,0.874,
NPL,2019,0.604,0.419,0.576,0.503,0.885,
NPL,2020,0.599,0.416,0.572,0.494,0.884,
NPL,2021,0.596,0.415,0.569,0.49,0.851,
NPL,2022,0.605,0.425,0.577,0.487,0.855,
NPL,2023,0.622,0.437,0.592,0.487,0.858,
NLD,2010,0.925,0.856,0.717,0.052,0.957,
NLD,2011,0.935,0.87,0.722,0.049,0.959,
NLD,2012,0.935,0.87,0.735,0.046,0.956,
NLD,2013,0.937,0.872,0.734,0.041,0.956,
NLD,2014,0.939,0.872,0.743,0.038,0.956,
NLD,2015,0.94,0.874,0.741,0.034,0.958,
NLD,2016,0.941,0.872,0.745,0.031,0.959,
NLD,2017,0.945,0.876,0.746,0.029,0.96,
NLD,2018,0.947,0.876,0.734,0.027,0.961,
NLD,2019,0.95,0.88,0.736,0.027,0.962,
NLD,2020,0.945,0.874,0.735,0.024,0.961,
NLD,2021,0.951,0.887,0.734,0.017,0.968,
NLD,2022,0.953,0.891,0.74,0.017,0.968,
NLD,2023,0.955,0.892,0.74,0.013,0.971,
NZL,2010,0.926,,0.738,0.165,0.963,
NZL,2011,0.927,,0.731,0.163,0.97,
NZL,2012,0.929,,0.729,0.155,0.972,
NZL,2013,0.933,,0.728,0.145,0.971,
NZL,2014,0.932,,0.721,0.141,0.962,
NZL,2015,0.934,,0.729,0.136,0.962,
NZL,2016,0.938,,0.729,0.126,0.972,
NZL,2017,0.936,,0.727,0.11,0.968,
NZL,2018,0.938,,0.732,0.103,0.978,
NZL,2019,0.938,0.852,0.733,0.097,0.968,
NZL,2020,0.94,0.856,0.739,0.085,0.969,
NZL,2021,0.939,0.854,0.724,0.079,0.97,
NZL,2022,0.933,0.847,0.726,0.078,0.969,
NZL,2023,0.938,0.853,0.731,0.082,0.973,
NIC,2010,0.651,0.488,0.625,0.478,0.955,
NIC,2011,0.657,0.494,0.629,0.434,0.963,
NIC,2012,0.664,0.5,0.632,0.426,0.98,
NIC,2013,0.668,0.504,0.636,0.425,0.968,
NIC,2014,0.674,0.506,0.642,0.431,0.977,
NIC,2015,0.679,0.51,0.646,0.431,0.948,
NIC,2016,0.684,0.514,0.649,0.424,0.947,
NIC,2017,0.688,0.518,0.655,0.424,0.945,
NIC,2018,0.69,0.52,0.655,0.423,0.946,
NIC,2019,0.69,0.521,0.656,0.421,0.948,
NIC,2020,0.676,0.511,0.642,0.418,0.955,
NIC,2021,0.682,0.515,0.646,0.412,0.954,
NIC,2022,0.701,0.53,0.664,0.408,0.952,
NIC,2023,0.706,0.535,0.668,0.408,0.952,
NER,2010,0.339,,0.334,0.692,0.783,
NER,2011,0.346,,0.342,0.669,0.729,
NER,2012,0.356,0.228,0.351,0.72,0.703,
NER,2013,0.362,0.232,0.357,0.682,0.772,
NER,2014,0.369,0.233,0.363,0.664,0.839,
NER,2015,0.374,0.237,0.366,0.659,0.805,
NER,2016,0.38,0.241,0.372,0.657,0.792,
NER,2017,0.384,0.243,0.376,0.666,0.77,
NER,2018,0.391,0.248,0.382,0.636,0.809,
NER,2019,0.4,0.251,0.391,0.625,0.856,
NER,2020,0.404,0.255,0.393,0.622,0.841,
NER,2021,0.413,0.26,0.404,0.596,0.848,
NER,2022,0.414,0.262,0.405,0.591,0.891,
NER,2023,0.419,0.265,0.41,0.591,0.855,
NGA,2010,0.502,,0.49,0.67,0.847,
NGA,2011,0.508,0.32,0.496,0.675,0.859,
NGA,2012,0.512,0.323,0.501,0.676,0.848,
NGA,2013,0.517,0.33,0.504,0.677,0.846,
NGA,2014,0.524,0.336,0.511,0.677,0.856,
NGA,2015,0.53,0.34,0.517,0.681,0.857,
NGA,2016,0.532,0.352,0.519,0.679,0.859,
NGA,2017,0.534,0.354,0.521,0.675,0.867,
NGA,2018,0.537,0.352,0.524,0.672,0.86,
NGA,2019,0.544,0.359,0.53,0.69,0.835,
NGA,2020,0.547,0.362,0.533,0.679,0.867,
NGA,2021,0.554,0.373,0.542,0.673,0.88,
NGA,2022,0.557,0.376,0.545,0.671,0.887,
NGA,2023,0.56,0.379,0.548,0.677,0.892,
MKD,2010,0.765,0.625,0.708,0.18,0.935,
MKD,2011,0.771,0.647,0.707,0.173,0.939,
MKD,2012,0.775,0.654,0.714,0.173,0.938,
MKD,2013,0.782,0.666,0.72,0.162,0.942,
MKD,2014,0.788,0.678,0.725,0.166,0.95,
MKD,2015,0.795,0.689,0.737,0.162,0.944,
MKD,2016,0.8,0.689,0.744,0.162,0.943,
MKD,2017,0.807,0.702,0.741,0.151,0.943,
MKD,2018,0.814,0.718,0.749,0.146,0.947,
MKD,2019,0.805,0.716,0.744,0.14,0.949,
MKD,2020,0.783,0.693,0.726,0.139,0.95,
MKD,2021,0.781,0.692,0.727,0.133,0.95,
MKD,2022,0.811,0.722,0.753,0.127,0.957,
MKD,2023,0.815,0.723,0.754,0.112,0.955,
NOR,2010,0.947,0.893,0.703,0.07,0.997,
NOR,2011,0.949,0.895,0.71,0.061,1.001,
NOR,2012,0.95,0.896,0.714,0.054,1.001,
NOR,2013,0.953,0.898,0.711,0.049,1.0,
NOR,2014,0.956,0.9,0.718,0.045,0.999,
NOR,2015,0.959,0.903,0.735,0.04,0.997,
NOR,2016,0.962,0.903,0.725,0.034,0.993,
NOR,2017,0.965,0.906,0.73,0.023,0.995,
NOR,2018,0.966,0.906,0.725,0.018,0.997,
NOR,2019,0.967,0.909,0.719,0.014,0.994,
NOR,2020,0.969,0.91,0.731,0.009,0.99,
NOR,2021,0.969,0.906,0.727,0.01,0.996,
NOR,2022,0.967,0.904,0.717,0.004,0.997,
NOR,2023,0.97,0.909,0.723,0.004,0.995,
OMN,2010,0.804,,0.492,0.33,0.907,
OMN,2011,0.822,0.649,0.523,0.319,0.91,
OMN,2012,0.824,0.651,0.522,0.316,0.92,
OMN,2013,0.827,0.653,0.532,0.321,0.932,
OMN,2014,0.831,0.656,0.561,0.313,0.934,
OMN,2015,0.838,0.682,0.553,0.315,0.941,
OMN,2016,0.845,0.689,0.571,0.304,0.949,
OMN,2017,0.848,0.724,0.586,0.277,0.948,
OMN,2018,0.854,0.729,0.607,0.269,0.946,
OMN,2019,0.857,0.732,0.611,0.242,0.945,
OMN,2020,0.843,0.721,0.594,0.239,0.942,
OMN,2021,0.834,0.699,0.577,0.242,0.935,
OMN,2022,0.846,0.739,0.573,0.222,0.938,
OMN,2023,0.858,0.75,0.581,0.222,0.945,
PAK,2010,0.5,0.32,0.49,0.595,0.726,
PAK,2011,0.504,0.325,0.493,0.59,0.727,
PAK,2012,0.508,0.329,0.497,0.583,0.7,
PAK,2013,0.512,0.332,0.501,0.576,0.742,
PAK,2014,0.522,0.339,0.51,0.572,0.75,
PAK,2015,0.527,0.344,0.515,0.563,0.759,
PAK,2016,0.535,0.348,0.521,0.563,0.741,
PAK,2017,0.537,0.351,0.522,0.559,0.755,
PAK,2018,0.538,0.353,0.523,0.563,0.761,
PAK,2019,0.54,0.358,0.525,0.555,0.815,
PAK,2020,0.536,0.357,0.521,0.544,0.831,
PAK,2021,0.537,0.358,0.521,0.541,0.84,
PAK,2022,0.544,0.364,0.528,0.538,0.839,
PAK,2023,0.544,0.364,0.529,0.536,0.838,
PLW,2010,0.779,,,,0.985,
PLW,2011,0.784,,,,0.985,
PLW,2012,0.787,,,,0.985,
PLW,2013,0.791,,,,0.984,
PLW,2014,0.795,0.628,,,1.012,
PLW,2015,0.802,0.634,,,1.003,
PLW,2016,0.804,0.635,,,1.003,
PLW,2017,0.804,0.634,,,1.002,
PLW,2018,0.805,0.634,,,1.0,
PLW,2019,0.806,0.635,,,1.0,
PLW,2020,0.799,0.626,,,1.002,
PLW,2021,0.789,0.618,,,0.995,
PLW,2022,0.786,0.615,,,0.994,
PLW,2023,0.786,0.616,,,0.992,
PSE,2010,0.691,0.557,0.668,,0.833,
PSE,2011,0.698,0.561,0.675,,0.848,
PSE,2012,0.704,0.573,0.68,,0.856,
PSE,2013,0.706,0.578,0.682,,0.859,
PSE,2014,0.7,0.57,0.678,,0.872,
PSE,2015,0.712,0.585,0.684,,0.873,
PSE,2016,0.717,0.591,0.69,,0.874,
PSE,2017,0.721,0.587,0.693,,0.876,
PSE,2018,0.725,0.593,0.695,,0.881,
PSE,2019,0.729,0.598,0.699,,0.885,
PSE,2020,0.718,0.591,0.696,,0.881,
PSE,2021,0.718,0.589,0.695,,0.885,
PSE,2022,0.733,0.605,0.71,,0.894,
PSE,2023,0.674,0.538,0.653,,0.945,
PAN,2010,0.775,0.602,0.723,0.482,0.999,
PAN,2011,0.781,0.606,0.728,0.482,1.001,
PAN,2012,0.798,0.62,0.733,0.479,1.005,
PAN,2013,0.799,0.625,0.728,0.475,1.001,
PAN,2014,0.798,0.626,0.728,0.424,1.008,
PAN,2015,0.803,0.629,0.734,0.419,1.006,
PAN,2016,0.81,0.639,0.741,0.416,1.008,
PAN,2017,0.815,0.64,0.751,0.412,1.01,
PAN,2018,0.82,0.645,0.758,0.404,1.013,
PAN,2019,0.824,0.648,0.758,0.392,1.011,
PAN,2020,0.808,0.639,0.762,0.377,1.028,
PAN,2021,0.819,0.65,0.637,0.381,1.016,
PAN,2022,0.835,0.66,0.648,0.38,1.014,
PAN,2023,0.839,0.664,0.643,0.374,1.014,
PNG,2010,0.503,,0.486,0.682,0.898,
PNG,2011,0.508,,0.489,0.676,0.9,
PNG,2012,0.514,,0.495,0.621,0.904,
PNG,2013,0.522,,0.511,0.614,0.908,
PNG,2014,0.534,,0.524,0.609,0.913,
PNG,2015,0.543,,0.533,0.6,0.917,
PNG,2016,0.55,0.39,0.54,0.596,0.919,
PNG,2017,0.555,0.395,0.545,0.82,0.921,
PNG,2018,0.559,0.399,0.549,0.818,0.922,
PNG,2019,0.566,0.404,0.556,0.816,0.925,
PNG,2020,0.567,0.406,0.556,0.816,0.928,
PNG,2021,0.567,0.407,0.557,0.816,0.927,
PNG,2022,0.572,0.419,0.562,0.608,0.927,
PNG,2023,0.576,0.423,0.566,0.584,0.926,
PRY,2010,0.709,0.538,0.651,0.483,0.956,
PRY,2011,0.715,0.539,0.644,0.479,0.969,
PRY,2012,0.719,0.561,0.651,0.463,0.978,
PRY,2013,0.73,0.569,0.657,0.443,0.981,
PRY,2014,0.733,0.563,0.655,0.449,0.976,
PRY,2015,0.737,0.578,0.661,0.452,0.984,
PRY,2016,0.737,0.576,0.666,0.44,0.984,
PRY,2017,0.74,0.58,0.666,0.441,0.989,
PRY,2018,0.744,0.592,0.672,0.44,0.988,
PRY,2019,0.747,0.594,0.675,0.436,0.991,
PRY,2020,0.742,0.593,0.674,0.435,0.995,
PRY,2021,0.723,0.581,0.658,0.432,1.0,
PRY,2022,0.747,0.592,0.682,0.431,0.988,
PRY,2023,0.756,0.599,0.689,0.412,0.988,
PER,2010,0.731,0.541,0.697,0.396,0.94,
PER,2011,0.738,0.547,0.704,0.408,0.944,
PER,2012,0.748,0.557,0.71,0.405,0.947,
PER,2013,0.757,0.574,0.719,0.404,0.948,
PER,2014,0.763,0.579,0.723,0.393,0.946,
PER,2015,0.768,0.586,0.73,0.391,0.949,
PER,2016,0.775,0.596,0.737,0.37,0.95,
PER,2017,0.775,0.601,0.739,0.365,0.953,
PER,2018,0.78,0.61,0.743,0.365,0.953,
PER,2019,0.784,0.62,0.747,0.367,0.956,
PER,2020,0.769,0.591,0.735,0.373,0.974,
PER,2021,0.764,0.608,0.729,0.342,0.967,
PER,2022,0.79,0.63,0.753,0.341,0.952,
PER,2023,0.794,0.633,0.757,0.34,0.959,
PHL,2010,0.669,0.534,0.649,0.442,0.99,
PHL,2011,0.674,0.538,0.653,0.438,0.991,
PHL,2012,0.681,0.543,0.659,0.434,0.993,
PHL,2013,0.687,0.553,0.665,0.421,0.993,
PHL,2014,0.689,0.554,0.657,0.407,0.996,
PHL,2015,0.69,0.562,0.658,0.403,0.996,
PHL,2016,0.69,0.561,0.655,0.394,1.0,
PHL,2017,0.694,0.568,0.658,0.391,1.002,
PHL,2018,0.7,0.58,0.663,0.381,0.998,
PHL,2019,0.708,0.587,0.67,0.371,0.999,
PHL,2020,0.699,0.58,0.665,0.362,0.994,
PHL,2021,0.69,0.576,0.654,0.356,0.999,
PHL,2022,0.714,0.592,0.676,0.352,1.002,
PHL,2023,0.72,0.597,0.68,0.351,0.984,
POL,2010,0.852,0.765,0.73,0.17,1.011,
POL,2011,0.858,0.771,0.729,0.152,1.013,
POL,2012,0.863,0.774,0.74,0.151,1.012,
POL,2013,0.873,0.783,0.754,0.149,1.012,
POL,2014,0.873,0.789,0.754,0.144,1.01,
POL,2015,0.879,0.797,0.758,0.133,1.008,
POL,2016,0.884,0.807,0.761,0.131,1.01,
POL,2017,0.882,0.809,0.756,0.125,1.009,
POL,2018,0.884,0.809,0.758,0.119,1.012,
POL,2019,0.887,0.811,0.765,0.108,1.01,
POL,2020,0.88,0.795,0.76,0.099,1.014,
POL,2021,0.884,0.797,0.763,0.087,1.018,
POL,2022,0.902,0.815,0.785,0.08,1.018,
POL,2023,0.906,0.817,0.792,0.081,1.012,
PRT,2010,0.836,0.722,0.718,0.127,0.995,
PRT,2011,0.843,0.722,0.737,0.12,0.992,
PRT,2012,0.844,0.718,0.754,0.114,0.991,
PRT,2013,0.849,0.725,0.768,0.099,0.991,
PRT,2014,0.854,0.73,0.772,0.091,0.991,
PRT,2015,0.857,0.737,0.771,0.083,0.989,
PRT,2016,0.859,0.743,0.768,0.081,0.99,
PRT,2017,0.864,0.751,0.776,0.083,0.991,
PRT,2018,0.866,0.759,0.777,0.08,0.995,
PRT,2019,0.872,0.767,0.783,0.077,0.994,
PRT,2020,0.87,0.773,0.782,0.071,0.995,
PRT,2021,0.876,0.772,0.786,0.062,0.997,
PRT,2022,0.883,0.78,0.791,0.073,1.002,
PRT,2023,0.89,0.795,0.797,0.076,1.0,
QAT,2010,0.834,,0.293,0.663,1.011,
QAT,2011,0.835,,0.211,0.665,1.004,
QAT,2012,0.846,,0.222,0.668,1.015,
QAT,2013,0.859,,0.275,0.673,1.006,
QAT,2014,0.857,,0.198,0.662,1.016,
QAT,2015,0.86,,0.308,0.657,1.027,
QAT,2016,0.861,,0.275,0.649,1.029,
QAT,2017,0.87,,0.342,0.175,1.026,
QAT,2018,0.876,,0.351,0.168,1.022,
QAT,2019,0.88,,0.325,0.162,1.026,
QAT,2020,0.872,,0.321,0.152,1.032,
QAT,2021,0.866,,0.326,0.19,1.024,
QAT,2022,0.883,,0.305,0.195,1.045,
QAT,2023,0.886,,0.276,0.195,1.036,
ROU,2010,0.822,0.722,0.744,0.342,0.987,
ROU,2011,0.823,0.723,0.731,0.321,0.985,
ROU,2012,0.817,0.714,0.731,0.305,0.981,
ROU,2013,0.821,0.717,0.742,0.297,0.981,
ROU,2014,0.82,0.716,0.739,0.293,0.983,
ROU,2015,0.823,0.711,0.738,0.29,0.981,
ROU,2016,0.823,0.723,0.741,0.297,0.983,
ROU,2017,0.828,0.735,0.738,0.252,0.989,
ROU,2018,0.833,0.734,0.732,0.241,0.99,
ROU,2019,0.838,0.741,0.736,0.228,0.993,
ROU,2020,0.832,0.738,0.737,0.223,0.995,
ROU,2021,0.829,0.732,0.724,0.229,0.992,
ROU,2022,0.84,0.749,0.736,0.226,0.991,
ROU,2023,0.845,0.758,0.739,0.227,0.986,
RUS,2010,0.808,0.717,0.7,0.274,1.037,
RUS,2011,0.822,0.733,0.704,0.258,1.033,
RUS,2012,0.825,0.729,0.706,0.242,1.029,
RUS,2013,0.83,0.735,0.709,0.23,1.027,
RUS,2014,0.831,0.741,0.713,0.221,1.026,
RUS,2015,0.833,0.748,0.717,0.206,1.023,
RUS,2016,0.835,0.752,0.716,0.196,1.019,
RUS,2017,0.838,0.756,0.716,0.179,1.009,
RUS,2018,0.845,0.767,0.726,0.169,1.016,
RUS,2019,0.847,0.771,0.722,0.16,1.012,
RUS,2020,0.818,0.744,0.696,0.181,1.012,
RUS,2021,0.813,0.74,0.694,0.179,1.004,
RUS,2022,0.826,0.753,0.703,0.171,1.016,
RUS,2023,0.832,0.758,0.71,0.169,1.023,
RWA,2010,0.504,0.31,0.496,0.451,0.936,
RWA,2011,0.512,0.332,0.504,0.446,0.94,
RWA,2012,0.521,0.34,0.513,0.436,0.942,
RWA,2013,0.499,0.327,0.491,0.427,0.947,
RWA,2014,0.525,0.35,0.518,0.42,0.941,
RWA,2015,0.525,0.351,0.517,0.42,0.946,
RWA,2016,0.534,0.358,0.526,0.413,0.938,
RWA,2017,0.539,0.364,0.531,0.41,0.91,
RWA,2018,0.54,0.366,0.532,0.411,0.934,
RWA,2019,0.55,0.377,0.541,0.408,0.934,
RWA,2020,0.555,0.38,0.546,0.398,0.939,
RWA,2021,0.562,0.386,0.551,0.397,0.922,
RWA,2022,0.57,0.392,0.559,0.398,0.922,
RWA,2023,0.578,0.399,0.567,0.394,0.922,
KNA,2010,0.791,,,,,
KNA,2011,0.8,,,,,
KNA,2012,0.808,,,,,
KNA,2013,0.818,,,,,
KNA,2014,0.829,,,,,
KNA,2015,0.83,,,,,
KNA,2016,0.832,,,,,
KNA,2017,0.834,,,,,
KNA,2018,0.835,,,,,
KNA,2019,0.839,,,,,
KNA,2020,0.828,,,,,
KNA,2021,0.818,,,,,
KNA,2022,0.829,,,,,
KNA,2023,0.84,,,,,
LCA,2010,0.749,,,0.369,1.005,
LCA,2011,0.755,,,0.35,1.007,
LCA,2012,0.748,,,0.368,1.005,
LCA,2013,0.741,,,0.37,1.003,
LCA,2014,0.746,,,0.368,1.008,
LCA,2015,0.757,,,0.362,0.994,
LCA,2016,0.76,,,0.342,1.018,
LCA,2017,0.757,0.51,,0.338,1.024,
LCA,2018,0.759,0.52,,0.332,1.019,
LCA,2019,0.745,0.511,,0.338,1.02,
LCA,2020,0.734,0.518,,0.338,1.026,
LCA,2021,0.724,0.5,,0.328,1.023,
LCA,2022,0.747,0.522,,0.329,1.016,
LCA,2023,0.748,0.523,,0.327,1.016,
VCT,2010,0.746,,,,,
VCT,2011,0.749,,,,,
VCT,2012,0.753,,,,,
VCT,2013,0.755,,,,,
VCT,2014,0.759,,,,,
VCT,2015,0.765,,,,,
VCT,2016,0.771,,,,,
VCT,2017,0.778,,,,,
VCT,2018,0.783,,,,,
VCT,2019,0.787,,,,,
VCT,2020,0.781,,,,,
VCT,2021,0.781,,,,,
VCT,2022,0.794,,,,,
VCT,2023,0.798,,,,,
WSM,2010,0.708,,,,0.928,
WSM,2011,0.711,,,,0.921,
WSM,2012,0.707,,,,0.971,
WSM,2013,0.706,,,,0.957,
WSM,2014,0.706,,,,0.958,
WSM,2015,0.708,,,,0.958,
WSM,2016,0.712,,,,0.959,
WSM,2017,0.712,,,,0.985,
WSM,2018,0.711,,,,0.959,
WSM,2019,0.708,0.605,,0.438,0.959,
WSM,2020,0.708,0.607,,0.429,0.961,
WSM,2021,0.706,0.606,,0.444,0.956,
WSM,2022,0.703,0.604,,0.416,0.975,
WSM,2023,0.708,0.609,,0.416,0.955,
SMR,2010,0.905,,,,1.014,
SMR,2011,0.902,,,,0.996,
SMR,2012,0.893,,,,0.986,
SMR,2013,0.896,,,,0.985,
SMR,2014,0.897,,,,0.984,
SMR,2015,0.896,,,,0.983,
SMR,2016,0.898,,,,0.982,
SMR,2017,0.903,,,,0.993,
SMR,2018,0.904,,,,0.992,
SMR,2019,0.908,,,,0.993,
SMR,2020,0.895,,,,0.995,
SMR,2021,0.903,,,,0.985,
SMR,2022,0.91,,,,0.99,
SMR,2023,0.915,,,,0.991,
STP,2010,0.564,0.427,,0.535,0.924,
STP,2011,0.569,0.432,,0.54,0.929,
STP,2012,0.574,0.438,,0.527,0.933,
STP,2013,0.585,0.448,,0.521,0.935,
STP,2014,0.596,0.461,,0.51,0.936,
STP,2015,0.608,0.473,,0.502,0.949,
STP,2016,0.613,0.478,,0.506,0.955,
STP,2017,0.617,0.458,,0.491,0.965,
STP,2018,0.621,0.463,,0.503,0.964,
STP,2019,0.625,0.465,,0.497,0.968,
STP,2020,0.628,0.469,,0.47,0.975,
STP,2021,0.631,0.471,,0.468,0.978,
STP,2022,0.636,0.476,,0.493,0.98,
STP,2023,0.637,0.478,,0.492,0.98,
SAU,2010,0.801,,0.586,0.754,0.879,
SAU,2011,0.811,,0.599,0.751,0.901,
SAU,2012,0.819,,0.586,0.749,0.911,
SAU,2013,0.827,,0.589,0.309,0.914,
SAU,2014,0.841,,0.605,0.308,0.914,
SAU,2015,0.851,,0.603,0.301,0.913,
SAU,2016,0.86,,0.631,0.297,0.917,
SAU,2017,0.869,,0.645,0.309,0.899,
SAU,2018,0.875,,0.658,0.298,0.903,
SAU,2019,0.878,,0.658,0.283,0.906,
SAU,2020,0.875,,0.669,0.245,0.917,
SAU,2021,0.878,,0.661,0.22,0.928,
SAU,2022,0.893,,0.662,0.219,0.937,
SAU,2023,0.9,,0.666,0.228,0.931,
SEN,2010,0.477,0.294,0.464,0.575,0.879,
SEN,2011,0.491,0.304,0.478,0.566,0.912,
SEN,2012,0.499,0.308,0.486,0.54,0.896,
SEN,2013,0.504,0.313,0.49,0.531,0.897,
SEN,2014,0.508,0.315,0.494,0.529,0.897,
SEN,2015,0.509,0.316,0.495,0.528,0.905,
SEN,2016,0.516,0.319,0.501,0.51,0.915,
SEN,2017,0.517,0.322,0.501,0.519,0.892,
SEN,2018,0.522,0.324,0.505,0.508,0.904,
SEN,2019,0.52,0.33,0.503,0.506,0.882,
SEN,2020,0.522,0.332,0.504,0.501,0.913,
SEN,2021,0.522,0.333,0.504,0.497,0.919,
SEN,2022,0.526,0.337,0.508,0.493,0.927,
SEN,2023,0.53,0.34,0.512,0.49,0.924,
SRB,2010,0.775,,0.691,0.208,0.96,
SRB,2011,0.785,,0.694,0.204,0.962,
SRB,2012,0.788,,0.702,0.175,0.963,
SRB,2013,0.792,0.687,0.705,0.165,0.975,
SRB,2014,0.795,0.69,0.713,0.16,0.976,
SRB,2015,0.802,0.698,0.722,0.155,0.976,
SRB,2016,0.806,0.713,0.723,0.145,0.976,
SRB,2017,0.808,0.72,0.723,0.139,0.978,
SRB,2018,0.814,0.734,0.723,0.132,0.977,
SRB,2019,0.817,0.739,0.723,0.118,0.982,
SRB,2020,0.809,0.741,0.706,0.113,0.986,
SRB,2021,0.807,0.741,0.705,0.113,0.986,
SRB,2022,0.826,0.765,0.722,0.116,0.994,
SRB,2023,0.833,0.772,0.724,0.117,0.987,
SYC,2010,0.758,,,,0.989,
SYC,2011,0.772,,,,1.003,
SYC,2012,0.797,,,,0.982,
SYC,2013,0.797,,,,0.989,
SYC,2014,0.814,,,,1.015,
SYC,2015,0.819,,,,1.011,
SYC,2016,0.836,,,,1.011,
SYC,2017,0.844,,,,1.0,
SYC,2018,0.847,,,,1.004,
SYC,2019,0.85,0.756,,,1.014,
SYC,2020,0.853,0.757,,,1.029,
SYC,2021,0.838,0.745,,,0.995,
SYC,2022,0.836,0.743,,,0.993,
SYC,2023,0.848,0.755,,,1.004,
SLE,2010,0.41,,0.404,0.652,0.816,
SLE,2011,0.416,0.233,0.41,0.646,0.816,
SLE,2012,0.418,0.236,0.412,0.643,0.816,
SLE,2013,0.436,0.25,0.428,0.639,0.819,
SLE,2014,0.438,0.252,0.43,0.637,0.829,
SLE,2015,0.432,0.251,0.424,0.632,0.816,
SLE,2016,0.441,0.258,0.433,0.622,0.816,
SLE,2017,0.445,0.262,0.437,0.622,0.817,
SLE,2018,0.451,0.267,0.444,0.615,0.834,
SLE,2019,0.455,0.269,0.448,0.612,0.823,
SLE,2020,0.454,0.27,0.447,0.613,0.825,
SLE,2021,0.458,0.274,0.45,0.612,0.826,
SLE,2022,0.463,0.278,0.455,0.611,0.83,
SLE,2023,0.467,0.281,0.459,0.566,0.83,
SGP,2010,0.932,0.806,0.684,0.075,0.985,
SGP,2011,0.933,0.802,0.671,0.075,0.986,
SGP,2012,0.933,0.801,0.665,0.068,0.987,
SGP,2013,0.934,0.803,0.673,0.06,0.986,
SGP,2014,0.934,0.804,0.696,0.054,0.987,
SGP,2015,0.935,0.807,0.704,0.05,0.988,
SGP,2016,0.934,0.805,0.688,0.048,0.988,
SGP,2017,0.935,0.806,0.67,0.049,0.989,
SGP,2018,0.939,0.813,0.674,0.049,0.988,
SGP,2019,0.942,0.817,0.679,0.047,0.99,
SGP,2020,0.944,0.819,0.667,0.034,0.991,
SGP,2021,0.948,0.825,0.641,0.03,0.993,
SGP,2022,0.942,0.819,0.626,0.032,0.996,
SGP,2023,0.946,0.823,0.618,0.031,0.994,
SVK,2010,0.851,0.801,0.741,0.203,0.995,
SVK,2011,0.856,0.798,0.744,0.201,0.993,
SVK,2012,0.856,0.797,0.752,0.189,0.992,
SVK,2013,0.858,0.801,0.754,0.189,0.991,
SVK,2014,0.859,0.799,0.753,0.191,0.993,
SVK,2015,0.861,0.807,0.756,0.191,0.995,
SVK,2016,0.864,0.808,0.751,0.192,0.993,
SVK,2017,0.865,0.816,0.755,0.194,0.996,
SVK,2018,0.868,0.821,0.753,0.194,0.997,
SVK,2019,0.871,0.819,0.756,0.193,0.995,
SVK,2020,0.867,0.821,0.758,0.183,0.996,
SVK,2021,0.859,0.811,0.742,0.178,1.003,
SVK,2022,0.873,0.824,0.764,0.178,1.003,
SVK,2023,0.88,0.833,0.77,0.176,0.999,
SVN,2010,0.896,0.849,0.748,0.127,1.005,
SVN,2011,0.897,0.845,0.747,0.077,1.009,
SVN,2012,0.897,0.842,0.758,0.07,1.005,
SVN,2013,0.907,0.852,0.773,0.07,0.996,
SVN,2014,0.907,0.854,0.774,0.066,1.0,
SVN,2015,0.909,0.859,0.78,0.062,1.001,
SVN,2016,0.914,0.865,0.781,0.057,1.001,
SVN,2017,0.918,0.87,0.785,0.053,1.001,
SVN,2018,0.922,0.875,0.788,0.072,1.002,
SVN,2019,0.923,0.876,0.784,0.069,1.003,
SVN,2020,0.918,0.873,0.792,0.066,1.002,
SVN,2021,0.924,0.879,0.784,0.064,1.004,
SVN,2022,0.926,0.878,0.788,0.04,1.001,
SVN,2023,0.931,0.885,0.791,0.042,0.997,
SLB,2010,0.564,,,,0.931,
SLB,2011,0.567,,,,0.929,
SLB,2012,0.57,,,,0.928,
SLB,2013,0.576,0.471,,0.578,0.923,
SLB,2014,0.575,0.47,,0.579,0.925,
SLB,2015,0.576,0.472,,0.578,0.924,
SLB,2016,0.578,0.474,,0.574,0.923,
SLB,2017,0.581,0.477,,0.573,0.921,
SLB,2018,0.582,0.479,,0.568,0.921,
SLB,2019,0.583,0.48,,0.525,0.922,
SLB,2020,0.579,0.477,,0.495,0.927,
SLB,2021,0.577,0.476,,0.481,0.924,
SLB,2022,0.583,0.481,,0.479,0.926,
SLB,2023,0.584,0.483,,0.478,0.927,
SOM,2022,0.385,0.21,0.377,0.676,0.787,
SOM,2023,0.404,0.229,0.396,0.675,0.793,
ZAF,2010,0.669,,0.603,0.441,0.962,
ZAF,2011,0.683,,0.616,0.437,0.968,
ZAF,2012,0.696,0.446,0.628,0.429,0.972,
ZAF,2013,0.705,0.451,0.638,0.428,0.977,
ZAF,2014,0.713,0.461,0.646,0.429,0.982,
ZAF,2015,0.722,0.467,0.659,0.425,0.97,
ZAF,2016,0.722,0.463,0.659,0.411,0.987,
ZAF,2017,0.726,0.469,0.662,0.406,0.983,
ZAF,2018,0.732,0.472,0.669,0.395,0.966,
ZAF,2019,0.742,0.477,0.677,0.395,0.959,
ZAF,2020,0.724,0.471,0.665,0.391,0.967,
ZAF,2021,0.721,0.465,0.663,0.392,0.982,
ZAF,2022,0.737,0.472,0.68,0.391,0.996,
ZAF,2023,0.741,0.476,0.685,0.388,0.996,
SSD,2010,0.42,0.231,,,,
SSD,2011,0.422,0.233,0.421,,,
SSD,2012,0.389,0.216,0.379,,,
SSD,2013,0.391,0.217,0.382,,,
SSD,2014,0.343,0.175,0.334,,,
SSD,2015,0.317,0.153,0.309,,,
SSD,2016,0.297,0.141,0.291,,,
SSD,2017,0.292,0.142,0.287,,,
SSD,2018,0.371,0.206,0.365,,,
SSD,2019,0.403,0.234,0.392,,,
SSD,2020,0.398,0.231,0.382,,,
SSD,2021,0.393,0.228,0.387,,,
SSD,2022,0.388,0.225,0.382,,,
SSD,2023,0.388,0.226,0.383,,,
ESP,2010,0.875,,0.754,0.104,0.981,
ESP,2011,0.879,,0.764,0.095,0.981,
ESP,2012,0.881,,0.78,0.089,0.981,
ESP,2013,0.886,,0.775,0.083,0.981,
ESP,2014,0.89,0.753,0.78,0.079,0.981,
ESP,2015,0.895,0.757,0.785,0.074,0.982,
ESP,2016,0.9,0.763,0.793,0.07,0.987,
ESP,2017,0.902,0.772,0.802,0.067,0.987,
ESP,2018,0.905,0.781,0.802,0.062,0.988,
ESP,2019,0.91,0.787,0.813,0.055,0.988,
ESP,2020,0.901,0.782,0.809,0.049,0.992,
ESP,2021,0.912,0.787,0.814,0.043,0.992,
ESP,2022,0.911,0.795,0.813,0.045,0.992,
ESP,2023,0.918,0.819,0.818,0.043,0.989,
LKA,2010,0.748,0.579,0.726,0.41,0.949,
LKA,2011,0.753,0.586,0.724,0.4,0.951,
LKA,2012,0.759,0.591,0.729,0.4,0.949,
LKA,2013,0.764,0.599,0.742,0.387,0.958,
LKA,2014,0.767,0.604,0.736,0.374,0.96,
LKA,2015,0.769,0.606,0.737,0.378,0.964,
LKA,2016,0.772,0.617,0.747,0.363,0.962,
LKA,2017,0.777,0.621,0.743,0.361,0.965,
LKA,2018,0.782,0.626,0.758,0.365,0.962,
LKA,2019,0.781,0.632,0.758,0.367,0.957,
LKA,2020,0.78,0.632,0.757,0.368,0.954,
LKA,2021,0.777,0.63,0.753,0.37,0.957,
LKA,2022,0.777,0.63,0.755,0.367,0.961,
LKA,2023,0.776,0.63,0.754,0.367,0.951,
SDN,2010,0.479,0.292,,0.607,0.828,
SDN,2011,0.476,0.29,,0.591,0.838,
SDN,2012,0.482,0.295,0.465,0.588,0.838,
SDN,2013,0.488,0.299,0.47,0.589,0.843,
SDN,2014,0.496,0.312,0.478,0.588,0.842,
SDN,2015,0.498,0.314,0.481,0.577,0.839,
SDN,2016,0.502,0.318,0.483,0.579,0.839,
SDN,2017,0.506,0.32,0.487,0.578,0.835,
SDN,2018,0.515,0.327,0.497,0.583,0.836,
SDN,2019,0.517,0.329,0.501,0.589,0.829,
SDN,2020,0.513,0.328,0.498,0.589,0.821,
SDN,2021,0.512,0.328,0.497,0.596,0.812,
SDN,2022,0.516,0.331,0.502,0.589,0.73,
SDN,2023,0.511,0.328,0.498,0.588,0.813,
SUR,2010,0.707,,,0.516,0.985,
SUR,2011,0.708,,,0.494,0.989,
SUR,2012,0.711,,,0.489,0.992,
SUR,2013,0.714,,,0.493,0.989,
SUR,2014,0.715,,,0.489,0.992,
SUR,2015,0.718,,,0.442,0.989,
SUR,2016,0.716,,,0.425,0.991,
SUR,2017,0.715,,,0.417,0.988,
SUR,2018,0.719,,,0.412,0.989,
SUR,2019,0.72,,,0.4,0.991,
SUR,2020,0.714,,,0.399,0.998,
SUR,2021,0.697,,,0.394,0.99,
SUR,2022,0.719,,,0.392,0.993,
SUR,2023,0.722,,,0.391,0.993,
SWE,2010,0.918,0.856,0.765,0.05,0.991,
SWE,2011,0.92,0.858,0.763,0.05,0.992,
SWE,2012,0.92,0.858,0.767,0.047,0.992,
SWE,2013,0.94,0.872,0.787,0.045,0.987,
SWE,2014,0.943,0.877,0.791,0.042,0.988,
SWE,2015,0.945,0.875,0.796,0.038,0.986,
SWE,2016,0.947,0.876,0.797,0.036,0.985,
SWE,2017,0.949,0.88,0.796,0.034,0.981,
SWE,2018,0.95,0.88,0.797,0.029,0.982,
SWE,2019,0.955,0.884,0.805,0.022,0.99,
SWE,2020,0.951,0.885,0.801,0.017,0.989,
SWE,2021,0.958,0.888,0.805,0.013,0.987,
SWE,2022,0.959,0.885,0.81,0.009,0.989,
SWE,2023,0.959,0.886,0.81,0.007,0.988,
CHE,2010,0.945,0.87,0.717,0.056,0.964,
CHE,2011,0.946,0.873,0.686,0.053,0.964,
CHE,2012,0.949,0.879,0.703,0.05,0.964,
CHE,2013,0.952,0.884,0.706,0.043,0.966,
CHE,2014,0.956,0.884,0.725,0.041,0.966,
CHE,2015,0.957,0.884,0.727,0.038,0.969,
CHE,2016,0.959,0.887,0.723,0.038,0.965,
CHE,2017,0.96,0.886,0.728,0.034,0.968,
CHE,2018,0.962,0.889,0.738,0.031,0.967,
CHE,2019,0.965,0.891,0.742,0.016,0.969,
CHE,2020,0.963,0.885,0.731,0.012,0.97,
CHE,2021,0.968,0.891,0.728,0.009,0.976,
CHE,2022,0.966,0.89,0.736,0.008,0.98,
CHE,2023,0.97,0.894,0.732,0.01,0.977,
SYR,2010,0.669,0.529,0.625,0.494,0.807,
SYR,2011,0.664,0.523,0.624,0.482,0.829,
SYR,2012,0.626,0.481,0.598,0.487,0.85,
SYR,2013,0.567,0.434,0.547,0.491,0.842,
SYR,2014,0.561,0.43,0.545,0.491,0.834,
SYR,2015,0.549,0.419,0.535,0.484,0.853,
SYR,2016,0.552,,0.54,0.477,0.836,
SYR,2017,0.551,,0.537,0.483,0.824,
SYR,2018,0.557,,0.543,0.488,0.81,
SYR,2019,0.569,,0.555,0.49,0.798,
SYR,2020,0.57,,0.557,0.491,0.798,
SYR,2021,0.571,,0.559,0.49,0.792,
SYR,2022,0.571,,0.56,0.489,0.793,
SYR,2023,0.564,,0.553,0.49,0.787,
TJK,2010,0.639,,0.626,0.357,0.883,
TJK,2011,0.644,,0.628,0.352,0.887,
TJK,2012,0.649,0.553,0.632,0.346,0.892,
TJK,2013,0.655,0.56,0.638,0.338,0.895,
TJK,2014,0.657,0.562,0.636,0.339,0.899,
TJK,2015,0.658,0.557,0.638,0.335,0.902,
TJK,2016,0.661,0.561,0.64,0.305,0.904,
TJK,2017,0.666,0.568,0.645,0.289,0.902,
TJK,2018,0.67,0.571,0.648,0.293,0.905,
TJK,2019,0.673,0.575,0.65,0.292,0.912,
TJK,2020,0.664,0.568,0.643,0.279,0.92,
TJK,2021,0.672,0.576,0.653,0.275,0.922,
TJK,2022,0.687,0.589,0.668,0.262,0.925,
TJK,2023,0.691,0.594,0.673,0.258,0.926,
TZA,2010,0.513,0.339,0.503,0.564,0.942,
TZA,2011,0.516,0.344,0.505,0.549,0.926,
TZA,2012,0.519,0.355,0.508,0.543,0.928,
TZA,2013,0.521,0.357,0.509,0.544,0.925,
TZA,2014,0.521,0.359,0.508,0.541,0.93,
TZA,2015,0.52,0.362,0.508,0.536,0.929,
TZA,2016,0.52,0.364,0.508,0.528,0.935,
TZA,2017,0.528,0.37,0.517,0.523,0.94,
TZA,2018,0.537,0.372,0.526,0.518,0.946,
TZA,2019,0.546,0.379,0.534,0.516,0.95,
TZA,2020,0.554,0.386,0.541,0.508,0.973,
TZA,2021,0.548,0.383,0.534,0.507,0.953,
TZA,2022,0.554,0.389,0.54,0.506,0.95,
TZA,2023,0.555,0.391,0.541,0.504,0.951,
THA,2010,0.742,,0.68,0.368,0.991,
THA,2011,0.747,,0.681,0.357,1.005,
THA,2012,0.75,0.622,0.683,0.354,1.007,
THA,2013,0.752,0.627,0.682,0.352,1.007,
THA,2014,0.784,0.656,0.716,0.408,1.008,
THA,2015,0.788,0.661,0.72,0.403,1.008,
THA,2016,0.792,0.662,0.717,0.394,1.008,
THA,2017,0.794,0.665,0.726,0.4,1.008,
THA,2018,0.796,0.667,0.724,0.385,1.008,
THA,2019,0.8,0.676,0.727,0.31,1.012,
THA,2020,0.798,0.675,0.728,0.307,1.011,
THA,2021,0.8,0.676,0.729,0.301,1.009,
THA,2022,0.792,0.67,0.722,0.298,1.009,
THA,2023,0.798,0.677,0.726,0.288,1.008,
TLS,2010,0.645,0.438,,0.531,0.906,
TLS,2011,0.655,0.445,,0.509,0.903,
TLS,2012,0.65,0.444,,0.48,0.91,
TLS,2013,0.646,0.442,,0.466,0.925,
TLS,2014,0.637,0.436,,0.455,0.917,
TLS,2015,0.628,0.431,,0.449,0.918,
TLS,2016,0.618,0.432,,0.426,1.033,
TLS,2017,0.621,0.436,,0.432,0.932,
TLS,2018,0.624,0.439,,0.425,0.933,
TLS,2019,0.642,0.452,,0.409,0.935,
TLS,2020,0.65,0.459,,0.403,0.937,
TLS,2021,0.644,0.456,,0.405,0.943,
TLS,2022,0.633,0.449,,0.391,0.938,
TLS,2023,0.634,0.451,,0.394,0.939,
TGO,2010,0.483,0.294,0.473,0.626,0.807,
TGO,2011,0.495,0.293,0.485,0.634,0.799,
TGO,2012,0.5,0.297,0.49,0.63,0.818,
TGO,2013,0.507,0.302,0.497,0.607,0.829,
TGO,2014,0.514,0.307,0.504,0.594,0.841,
TGO,2015,0.523,0.316,0.514,0.582,0.814,
TGO,2016,0.528,0.321,0.518,0.586,0.845,
TGO,2017,0.534,0.327,0.524,0.589,0.86,
TGO,2018,0.542,0.333,0.533,0.587,0.843,
TGO,2019,0.549,0.345,0.54,0.585,0.879,
TGO,2020,0.554,0.349,0.545,0.573,0.858,
TGO,2021,0.56,0.354,0.551,0.569,0.864,
TGO,2022,0.567,0.359,0.558,0.568,0.869,
TGO,2023,0.571,0.363,0.562,0.564,0.865,
TON,2010,0.724,,,0.767,0.979,
TON,2011,0.731,,,0.473,0.98,
TON,2012,0.735,,,0.476,0.98,
TON,2013,0.737,,,0.481,0.98,
TON,2014,0.74,,,0.774,0.98,
TON,2015,0.743,,,0.77,0.98,
TON,2016,0.749,,,0.769,0.981,
TON,2017,0.755,,,0.426,0.987,
TON,2018,0.759,,,0.425,1.001,
TON,2019,0.763,0.675,,0.45,0.992,
TON,2020,0.765,0.678,,0.446,0.994,
TON,2021,0.763,0.676,,0.774,0.99,
TON,2022,0.764,0.677,,0.483,0.996,
TON,2023,0.769,0.682,,0.444,0.998,
TTO,2010,0.789,,,0.332,0.983,
TTO,2011,0.792,,,0.328,0.982,
TTO,2012,0.796,,,0.321,0.984,
TTO,2013,0.802,,,0.313,0.985,
TTO,2014,0.805,,,0.31,0.986,
TTO,2015,0.808,,,0.288,0.987,
TTO,2016,0.806,,,0.281,0.988,
TTO,2017,0.806,,,0.28,0.985,
TTO,2018,0.803,,,0.277,0.988,
TTO,2019,0.805,,,0.267,0.987,
TTO,2020,0.8,,,0.267,0.99,
TTO,2021,0.796,,,0.266,0.992,
TTO,2022,0.805,,,0.263,0.992,
TTO,2023,0.807,,,0.262,0.99,
TUN,2010,0.717,,0.67,0.275,0.894,
TUN,2011,0.718,0.543,0.674,0.279,0.892,
TUN,2012,0.72,0.545,0.676,0.278,0.896,
TUN,2013,0.722,0.547,0.677,0.28,0.9,
TUN,2014,0.725,0.549,0.678,0.28,0.898,
TUN,2015,0.728,0.552,0.68,0.265,0.91,
TUN,2016,0.733,0.563,0.681,0.252,0.916,
TUN,2017,0.737,0.567,0.689,0.245,0.917,
TUN,2018,0.742,0.583,0.696,0.236,0.919,
TUN,2019,0.74,0.582,0.695,0.253,0.933,
TUN,2020,0.733,0.578,0.69,0.227,0.928,
TUN,2021,0.728,0.575,0.686,0.206,0.933,
TUN,2022,0.745,0.589,0.703,0.206,0.932,
TUN,2023,0.746,0.595,0.703,0.238,0.931,
TKM,2010,0.7,,0.626,,,
TKM,2011,0.709,,0.627,,,
TKM,2012,0.714,,0.625,,,
TKM,2013,0.716,,0.629,,,
TKM,2014,0.719,,0.629,,,
TKM,2015,0.725,,0.632,,,
TKM,2016,0.729,,0.636,,,
TKM,2017,0.732,,0.639,,,
TKM,2018,0.735,,0.638,,,
TKM,2019,0.741,,0.638,,,
TKM,2020,0.744,,0.645,,,
TKM,2021,0.754,,0.656,,,
TKM,2022,0.761,,0.661,,,
TKM,2023,0.764,,0.667,,,
TUV,2010,0.636,,,,0.927,
TUV,2011,0.641,,,,0.93,
TUV,2012,0.642,,,,0.931,
TUV,2013,0.647,,,,0.932,
TUV,2014,0.65,,,,0.931,
TUV,2015,0.658,,,,0.933,
TUV,2016,0.664,,,,0.938,
TUV,2017,0.668,,,,0.962,
TUV,2018,0.672,,,,0.965,
TUV,2019,0.681,0.568,,,0.967,
TUV,2020,0.681,0.569,,,0.967,
TUV,2021,0.681,0.57,,,0.971,
TUV,2022,0.686,0.575,,,0.967,
TUV,2023,0.689,0.578,,,0.969,
TUR,2010,0.75,0.602,0.665,0.411,0.905,
TUR,2011,0.764,0.62,0.667,0.375,0.91,
TUR,2012,0.772,0.631,0.675,0.362,0.916,
TUR,2013,0.802,0.66,0.697,0.348,0.92,
TUR,2014,0.813,0.672,0.713,0.344,0.919,
TUR,2015,0.821,0.678,0.716,0.332,0.923,
TUR,2016,0.826,0.683,0.725,0.324,0.933,
TUR,2017,0.833,0.689,0.733,0.305,0.936,
TUR,2018,0.838,0.697,0.731,0.281,0.937,
TUR,2019,0.841,0.704,0.736,0.27,0.939,
TUR,2020,0.838,0.696,0.724,0.266,0.938,
TUR,2021,0.841,0.702,0.723,0.253,0.94,
TUR,2022,0.853,0.713,0.733,0.24,0.942,
TUR,2023,0.853,0.708,0.729,0.227,0.938,
UGA,2010,0.514,0.327,0.502,0.551,0.909,
UGA,2011,0.522,0.338,0.51,0.556,0.918,
UGA,2012,0.526,0.343,0.515,0.555,0.879,
UGA,2013,0.532,0.355,0.521,0.545,0.917,
UGA,2014,0.539,0.361,0.527,0.546,0.929,
UGA,2015,0.547,0.368,0.536,0.539,0.92,
UGA,2016,0.553,0.377,0.543,0.534,0.924,
UGA,2017,0.557,0.378,0.546,0.535,0.905,
UGA,2018,0.563,0.383,0.551,0.528,0.915,
UGA,2019,0.569,0.388,0.557,0.528,0.922,
UGA,2020,0.571,0.39,0.557,0.525,0.915,
UGA,2021,0.573,0.392,0.56,0.525,0.877,
UGA,2022,0.578,0.396,0.565,0.525,0.908,
UGA,2023,0.582,0.4,0.569,0.524,0.908,
UKR,2010,0.782,0.711,0.722,,1.018,
UKR,2011,0.786,0.715,0.716,,1.012,
UKR,2012,0.789,0.725,0.722,,1.015,
UKR,2013,0.789,0.726,0.719,,1.016,
UKR,2014,0.788,0.726,0.726,,1.016,
UKR,2015,0.778,0.715,0.728,,1.013,
UKR,2016,0.78,0.718,0.724,,1.01,
UKR,2017,0.785,0.721,0.728,,1.013,
UKR,2018,0.784,0.721,0.72,,1.015,
UKR,2019,0.789,0.724,0.724,,1.016,
UKR,2020,0.783,0.722,0.724,,1.015,
UKR,2021,0.772,0.712,0.708,,1.013,
UKR,2022,0.772,0.708,0.714,,1.038,
UKR,2023,0.779,0.715,0.717,,1.038,
ARE,2010,0.835,,0.591,0.165,0.97,
ARE,2011,0.839,,0.585,0.172,0.97,
ARE,2012,0.843,,0.583,0.161,0.961,
ARE,2013,0.846,,0.583,0.154,0.958,
ARE,2014,0.853,,0.566,0.139,0.946,
ARE,2015,0.857,,0.546,0.114,0.945,
ARE,2016,0.861,0.742,0.535,0.104,0.94,
ARE,2017,0.884,0.774,0.59,0.101,0.928,
ARE,2018,0.901,0.794,0.599,0.093,0.929,
ARE,2019,0.915,0.839,0.601,0.039,0.949,
ARE,2020,0.909,0.834,0.605,0.03,0.957,
ARE,2021,0.903,0.83,0.573,0.035,0.958,
ARE,2022,0.921,0.847,0.574,0.035,0.962,
ARE,2023,0.94,0.866,0.585,0.04,0.957,
GBR,2010,0.921,0.839,0.783,0.178,0.965,
GBR,2011,0.916,0.841,0.782,0.168,0.966,
GBR,2012,0.917,0.844,0.786,0.161,0.966,
GBR,2013,0.931,0.857,0.796,0.151,0.967,
GBR,2014,0.932,0.858,0.795,0.143,0.969,
GBR,2015,0.931,0.855,0.796,0.129,0.969,
GBR,2016,0.934,0.856,0.803,0.124,0.97,
GBR,2017,0.937,0.862,0.81,0.116,0.971,
GBR,2018,0.936,0.861,0.809,0.111,0.973,
GBR,2019,0.941,0.861,0.816,0.105,0.976,
GBR,2020,0.93,0.854,0.818,0.094,0.979,
GBR,2021,0.941,0.864,0.822,0.084,0.979,
GBR,2022,0.946,0.869,0.829,0.083,0.978,
GBR,2023,0.946,0.869,0.827,0.083,0.979,
USA,2010,0.919,0.807,0.662,0.245,0.992,
USA,2011,0.92,0.811,0.668,0.244,0.992,
USA,2012,0.923,0.81,0.672,0.235,0.992,
USA,2013,0.925,0.812,0.671,0.231,0.993,
USA,2014,0.926,0.815,0.668,0.221,0.995,
USA,2015,0.928,0.812,0.67,0.217,0.996,
USA,2016,0.929,0.815,0.672,0.214,0.996,
USA,2017,0.931,0.817,0.676,0.21,0.997,
USA,2018,0.934,0.818,0.675,0.195,0.999,
USA,2019,0.936,0.821,0.68,0.191,1.001,
USA,2020,0.925,0.811,0.687,0.181,1.003,
USA,2021,0.921,0.814,0.672,0.176,1.011,
USA,2022,0.93,0.825,0.678,0.173,1.012,
USA,2023,0.938,0.832,0.686,0.169,1.009,
URY,2010,0.796,0.669,0.661,0.318,1.018,
URY,2011,0.801,0.683,0.668,0.325,1.02,
URY,2012,0.804,0.691,0.68,0.324,1.023,
URY,2013,0.812,0.696,0.678,0.326,1.02,
URY,2014,0.816,0.703,0.75,0.326,1.021,
URY,2015,0.818,0.704,0.754,0.29,1.022,
URY,2016,0.821,0.711,0.76,0.284,1.026,
URY,2017,0.827,0.718,0.764,0.26,1.023,
URY,2018,0.826,0.717,0.767,0.254,1.028,
URY,2019,0.83,0.721,0.766,0.256,1.025,
URY,2020,0.837,0.729,0.785,0.235,1.023,
URY,2021,0.837,0.729,0.783,0.221,1.024,
URY,2022,0.852,0.737,0.796,0.218,1.02,
URY,2023,0.862,0.747,0.804,0.218,1.017,
UZB,2010,0.681,,0.65,0.272,0.963,
UZB,2011,0.686,,0.654,0.281,0.961,
UZB,2012,0.692,,0.658,0.283,0.962,
UZB,2013,0.698,,0.665,0.275,0.964,
UZB,2014,0.703,,0.669,0.272,0.965,
UZB,2015,0.707,,0.673,0.276,0.965,
UZB,2016,0.714,,0.677,0.267,0.965,
UZB,2017,0.719,,0.685,0.259,0.967,
UZB,2018,0.725,,0.686,0.267,0.973,
UZB,2019,0.73,,0.69,0.269,0.95,
UZB,2020,0.723,,0.686,0.266,0.923,
UZB,2021,0.727,,0.687,0.293,0.924,
UZB,2022,0.737,,0.698,0.297,0.935,
UZB,2023,0.74,,0.702,0.291,0.951,
VUT,2010,0.582,0.477,,0.536,0.931,
VUT,2011,0.587,0.481,,0.576,0.931,
VUT,2012,0.587,0.482,,0.799,0.932,
VUT,2013,0.592,0.486,,0.799,0.933,
VUT,2014,0.597,0.49,,0.8,0.933,
VUT,2015,0.599,0.492,,0.799,0.934,
VUT,2016,0.603,0.496,,0.8,0.936,
VUT,2017,0.607,0.5,,0.799,0.938,
VUT,2018,0.612,0.504,,0.799,0.941,
VUT,2019,0.622,0.513,,0.797,0.944,
VUT,2020,0.617,0.517,,0.796,0.944,
VUT,2021,0.615,0.516,,0.795,0.943,
VUT,2022,0.621,0.522,,0.562,0.945,
VUT,2023,0.621,0.521,,0.556,0.952,
VEN,2010,0.764,,0.69,0.488,1.018,
VEN,2011,0.77,0.641,0.702,0.492,1.022,
VEN,2012,0.772,0.639,0.693,0.491,1.02,
VEN,2013,0.773,0.638,0.686,0.494,1.018,
VEN,2014,0.77,0.639,0.691,0.489,1.017,
VEN,2015,0.768,0.645,0.673,0.492,1.014,
VEN,2016,0.761,0.652,0.703,0.509,1.012,
VEN,2017,0.749,0.639,0.688,0.489,1.008,
VEN,2018,0.741,0.633,0.692,0.488,1.0,
VEN,2019,0.724,0.618,0.671,0.487,0.995,
VEN,2020,0.699,0.597,0.654,0.513,0.988,
VEN,2021,0.696,0.594,0.642,0.512,0.992,
VEN,2022,0.706,0.603,0.651,0.512,0.992,
VEN,2023,0.709,0.605,0.652,0.512,0.993,
VNM,2010,0.686,0.557,0.643,0.335,0.973,
VNM,2011,0.693,0.563,0.648,0.339,0.975,
VNM,2012,0.698,0.578,0.658,0.34,0.994,
VNM,2013,0.704,0.581,0.662,0.341,0.998,
VNM,2014,0.711,0.591,0.658,0.341,1.001,
VNM,2015,0.717,0.596,0.665,0.339,1.004,
VNM,2016,0.723,0.6,0.668,0.327,1.006,
VNM,2017,0.729,0.606,0.676,0.325,1.005,
VNM,2018,0.737,0.611,0.679,0.32,1.005,
VNM,2019,0.744,0.617,0.683,0.318,1.007,
VNM,2020,0.755,0.63,0.694,0.312,1.008,
VNM,2021,0.754,0.63,0.693,0.302,1.005,
VNM,2022,0.764,0.638,0.701,0.3,0.998,
VNM,2023,0.766,0.641,0.699,0.299,0.997,
YEM,2010,0.502,0.339,0.488,,0.644,
YEM,2011,0.501,0.339,0.489,,0.622,
YEM,2012,0.503,0.341,0.49,,0.612,
YEM,2013,0.507,0.348,0.494,,0.599,
YEM,2014,0.502,0.342,0.49,0.815,0.567,
YEM,2015,0.475,0.323,0.467,0.824,0.531,
YEM,2016,0.467,0.318,0.46,0.824,0.498,
YEM,2017,0.459,0.314,0.453,0.825,0.464,
YEM,2018,0.454,0.309,0.446,0.825,0.455,
YEM,2019,0.458,0.313,0.452,0.809,0.448,
YEM,2020,0.459,0.315,0.454,0.808,0.447,
YEM,2021,0.458,0.315,0.453,0.839,0.437,
YEM,2022,0.466,0.321,0.461,0.839,0.425,
YEM,2023,0.47,0.325,0.465,0.838,0.407,
ZMB,2010,0.533,0.322,0.522,0.579,0.886,
ZMB,2011,0.538,0.327,0.525,0.582,0.891,
ZMB,2012,0.551,0.336,0.538,0.58,0.895,
ZMB,2013,0.557,0.343,0.544,0.572,0.897,
ZMB,2014,0.559,0.345,0.545,0.569,0.9,
ZMB,2015,0.565,0.334,0.552,0.561,0.905,
ZMB,2016,0.565,0.334,0.551,0.536,0.908,
ZMB,2017,0.57,0.338,0.555,0.534,0.946,
ZMB,2018,0.575,0.344,0.561,0.529,0.938,
ZMB,2019,0.578,0.346,0.565,0.521,0.928,
ZMB,2020,0.578,0.348,0.568,0.523,0.945,
ZMB,2021,0.574,0.345,0.564,0.526,0.94,
ZMB,2022,0.589,0.356,0.579,0.525,0.944,
ZMB,2023,0.595,0.361,0.585,0.524,0.949,
ZWE,2010,0.512,,0.499,0.595,0.905,
ZWE,2011,0.529,0.359,0.517,0.589,0.917,
ZWE,2012,0.545,0.372,0.53,0.592,0.904,
ZWE,2013,0.554,0.38,0.54,0.55,0.918,
ZWE,2014,0.56,0.387,0.546,0.538,0.917,
ZWE,2015,0.567,0.395,0.552,0.533,0.921,
ZWE,2016,0.57,0.398,0.558,0.529,0.929,
ZWE,2017,0.575,0.401,0.563,0.52,0.937,
ZWE,2018,0.586,0.411,0.573,0.52,0.934,
ZWE,2019,0.584,0.393,0.573,0.525,0.929,
ZWE,2020,0.582,0.393,0.571,0.519,0.933,
ZWE,2021,0.581,0.393,0.568,0.519,0.955,
ZWE,2022,0.594,0.402,0.581,0.52,0.938,
ZWE,2023,0.598,0.406,0.585,0.519,0.944,
ZZA.VHHD,2010,0.879,0.779,0.711,0.214,0.979,
ZZA.VHHD,2011,0.883,0.786,0.711,0.205,0.98,
ZZA.VHHD,2012,0.886,0.788,0.716,0.197,0.98,
ZZA.VHHD,2013,0.892,0.793,0.72,0.187,0.981,
ZZA.VHHD,2014,0.895,0.795,0.724,0.182,0.981,
ZZA.VHHD,2015,0.898,0.797,0.727,0.175,0.981,
ZZA.VHHD,2016,0.9,0.801,0.729,0.169,0.981,
ZZA.VHHD,2017,0.903,0.805,0.731,0.159,0.981,
ZZA.VHHD,2018,0.906,0.808,0.733,0.151,0.982,
ZZA.VHHD,2019,0.909,0.811,0.737,0.141,0.984,
ZZA.VHHD,2020,0.901,0.805,0.737,0.138,0.986,
ZZA.VHHD,2021,0.903,0.808,0.732,0.13,0.988,
ZZA.VHHD,2022,0.908,0.814,0.737,0.126,0.99,
ZZA.VHHD,2023,0.914,0.821,0.741,0.125,0.989,
ZZB.HHD,2010,0.714,0.561,0.639,0.387,0.955,
ZZB.HHD,2011,0.72,0.566,0.639,0.394,0.952,
ZZB.HHD,2012,0.727,0.57,0.642,0.383,0.954,
ZZB.HHD,2013,0.733,0.587,0.644,0.377,0.953,
ZZB.HHD,2014,0.739,0.598,0.648,0.37,0.953,
ZZB.HHD,2015,0.744,0.601,0.654,0.365,0.954,
ZZB.HHD,2016,0.749,0.608,0.659,0.355,0.956,
ZZB.HHD,2017,0.754,0.612,0.663,0.349,0.957,
ZZB.HHD,2018,0.76,0.62,0.669,0.34,0.956,
ZZB.HHD,2019,0.765,0.627,0.671,0.335,0.962,
ZZB.HHD,2020,0.763,0.627,0.67,0.339,0.967,
ZZB.HHD,2021,0.766,0.631,0.669,0.338,0.97,
ZZB.HHD,2022,0.774,0.637,0.676,0.335,0.971,
ZZB.HHD,2023,0.777,0.64,0.677,0.334,0.971,
ZZC.MHD,2010,0.573,0.37,0.556,0.585,0.841,
ZZC.MHD,2011,0.584,0.383,0.566,0.581,0.848,
ZZC.MHD,2012,0.59,0.387,0.571,0.58,0.847,
ZZC.MHD,2013,0.595,0.392,0.576,0.574,0.856,
ZZC.MHD,2014,0.604,0.4,0.585,0.569,0.857,
ZZC.MHD,2015,0.611,0.412,0.591,0.556,0.858,
ZZC.MHD,2016,0.62,0.421,0.599,0.553,0.86,
ZZC.MHD,2017,0.624,0.426,0.603,0.551,0.86,
ZZC.MHD,2018,0.627,0.426,0.605,0.55,0.851,
ZZC.MHD,2019,0.631,0.433,0.609,0.543,0.855,
ZZC.MHD,2020,0.631,0.433,0.61,0.529,0.865,
ZZC.MHD,2021,0.629,0.434,0.607,0.527,0.866,
ZZC.MHD,2022,0.649,0.451,0.625,0.523,0.872,
ZZC.MHD,2023,0.656,0.457,0.631,0.513,0.883,
ZZD.LHD,2010,0.467,0.294,0.458,0.625,0.768,
ZZD.LHD,2011,0.471,0.295,0.462,0.622,0.77,
ZZD.LHD,2012,0.477,0.301,0.467,0.611,0.761,
ZZD.LHD,2013,0.482,0.306,0.472,0.607,0.78,
ZZD.LHD,2014,0.488,0.311,0.478,0.603,0.788,
ZZD.LHD,2015,0.491,0.314,0.481,0.596,0.796,
ZZD.LHD,2016,0.497,0.317,0.486,0.593,0.79,
ZZD.LHD,2017,0.5,0.32,0.489,0.589,0.797,
ZZD.LHD,2018,0.504,0.324,0.493,0.587,0.802,
ZZD.LHD,2019,0.507,0.328,0.496,0.582,0.823,
ZZD.LHD,2020,0.507,0.329,0.496,0.578,0.834,
ZZD.LHD,2021,0.507,0.33,0.496,0.573,0.838,
ZZD.LHD,2022,0.512,0.333,0.501,0.573,0.833,
ZZD.LHD,2023,0.515,0.336,0.505,0.571,0.836,
ZZE.AS,2010,0.67,0.481,0.616,0.588,0.84,
ZZE.AS,2011,0.672,0.486,0.617,0.582,0.85,
ZZE.AS,2012,0.68,0.5,0.624,0.564,0.857,
ZZE.AS,2013,0.683,0.508,0.627,0.559,0.857,
ZZE.AS,2014,0.688,0.515,0.631,0.556,0.857,
ZZE.AS,2015,0.693,0.517,0.635,0.548,0.863,
ZZE.AS,2016,0.698,0.519,0.641,0.537,0.867,
ZZE.AS,2017,0.702,0.523,0.647,0.537,0.863,
ZZE.AS,2018,0.707,0.53,0.652,0.539,0.863,
ZZE.AS,2019,0.712,0.535,0.657,0.541,0.864,
ZZE.AS,2020,0.707,0.533,0.657,0.537,0.867,
ZZE.AS,2021,0.71,0.536,0.659,0.537,0.871,
ZZE.AS,2022,0.716,0.54,0.663,0.537,0.872,
ZZE.AS,2023,0.719,0.544,0.665,0.539,0.871,
ZZF.EAP,2010,0.699,0.57,0.62,0.366,0.958,
ZZF.EAP,2011,0.706,0.574,0.619,0.377,0.953,
ZZF.EAP,2012,0.713,0.584,0.621,0.37,0.954,
ZZF.EAP,2013,0.72,0.589,0.622,0.361,0.953,
ZZF.EAP,2014,0.728,0.602,0.627,0.357,0.953,
ZZF.EAP,2015,0.735,0.605,0.635,0.349,0.954,
ZZF.EAP,2016,0.742,0.611,0.64,0.343,0.954,
ZZF.EAP,2017,0.749,0.617,0.646,0.335,0.956,
ZZF.EAP,2018,0.756,0.625,0.652,0.324,0.955,
ZZF.EAP,2019,0.761,0.634,0.653,0.318,0.963,
ZZF.EAP,2020,0.764,0.637,0.655,0.316,0.97,
ZZF.EAP,2021,0.768,0.643,0.655,0.316,0.971,
ZZF.EAP,2022,0.773,0.647,0.659,0.316,0.972,
ZZF.EAP,2023,0.775,0.649,0.658,0.315,0.973,
ZZG.ECA,2010,0.753,0.645,0.686,0.307,0.961,
ZZG.ECA,2011,0.761,0.655,0.686,0.301,0.96,
ZZG.ECA,2012,0.767,0.665,0.691,0.29,0.962,
ZZG.ECA,2013,0.78,0.678,0.7,0.284,0.964,
ZZG.ECA,2014,0.785,0.685,0.707,0.276,0.963,
ZZG.ECA,2015,0.789,0.689,0.71,0.27,0.961,
ZZG.ECA,2016,0.793,0.694,0.715,0.26,0.961,
ZZG.ECA,2017,0.8,0.7,0.722,0.246,0.961,
ZZG.ECA,2018,0.804,0.706,0.721,0.242,0.964,
ZZG.ECA,2019,0.808,0.711,0.726,0.232,0.964,
ZZG.ECA,2020,0.802,0.705,0.719,0.234,0.965,
ZZG.ECA,2021,0.803,0.709,0.718,0.23,0.966,
ZZG.ECA,2022,0.815,0.718,0.73,0.226,0.97,
ZZG.ECA,2023,0.818,0.719,0.731,0.226,0.97,
ZZH.LAC,2010,0.747,0.574,0.683,0.431,0.978,
ZZH.LAC,2011,0.753,0.581,0.685,0.429,0.979,
ZZH.LAC,2012,0.758,0.571,0.688,0.422,0.979,
ZZH.LAC,2013,0.762,0.578,0.689,0.419,0.979,
ZZH.LAC,2014,0.765,0.584,0.694,0.413,0.979,
ZZH.LAC,2015,0.767,0.588,0.697,0.408,0.98,
ZZH.LAC,2016,0.769,0.601,0.702,0.404,0.981,
ZZH.LAC,2017,0.772,0.604,0.705,0.4,0.982,
ZZH.LAC,2018,0.774,0.609,0.709,0.393,0.983,
ZZH.LAC,2019,0.776,0.612,0.71,0.39,0.984,
ZZH.LAC,2020,0.764,0.605,0.702,0.395,0.988,
ZZH.LAC,2021,0.762,0.601,0.698,0.39,0.993,
ZZH.LAC,2022,0.778,0.614,0.711,0.385,0.99,
ZZH.LAC,2023,0.783,0.619,0.715,0.384,0.989,
ZZI.SA,2010,0.59,0.386,0.571,0.559,0.819,
ZZI.SA,2011,0.601,0.396,0.581,0.555,0.825,
ZZI.SA,2012,0.606,0.399,0.585,0.55,0.824,
ZZI.SA,2013,0.611,0.404,0.59,0.546,0.836,
ZZI.SA,2014,0.62,0.412,0.599,0.536,0.836,
ZZI.SA,2015,0.627,0.424,0.605,0.521,0.837,
ZZI.SA,2016,0.637,0.433,0.614,0.514,0.84,
ZZI.SA,2017,0.641,0.437,0.617,0.512,0.842,
ZZI.SA,2018,0.642,0.437,0.618,0.513,0.832,
ZZI.SA,2019,0.645,0.444,0.62,0.5,0.844,
ZZI.SA,2020,0.645,0.444,0.621,0.483,0.85,
ZZI.SA,2021,0.641,0.443,0.616,0.479,0.853,
ZZI.SA,2022,0.665,0.463,0.638,0.474,0.859,
ZZI.SA,2023,0.672,0.469,0.644,0.458,0.872,
ZZJ.SSA,2010,0.51,0.309,0.496,0.603,0.882,
ZZJ.SSA,2011,0.517,0.323,0.503,0.599,0.887,
ZZJ.SSA,2012,0.523,0.332,0.509,0.597,0.884,
ZZJ.SSA,2013,0.528,0.338,0.513,0.594,0.888,
ZZJ.SSA,2014,0.534,0.343,0.519,0.591,0.894,
ZZJ.SSA,2015,0.54,0.347,0.525,0.585,0.895,
ZZJ.SSA,2016,0.543,0.352,0.529,0.583,0.898,
ZZJ.SSA,2017,0.546,0.355,0.532,0.579,0.901,
ZZJ.SSA,2018,0.551,0.359,0.536,0.577,0.898,
ZZJ.SSA,2019,0.557,0.363,0.542,0.575,0.893,
ZZJ.SSA,2020,0.557,0.365,0.542,0.568,0.906,
ZZJ.SSA,2021,0.558,0.368,0.543,0.563,0.911,
ZZJ.SSA,2022,0.565,0.373,0.55,0.561,0.915,
ZZJ.SSA,2023,0.568,0.377,0.553,0.558,0.916,
ZZK.WORLD,2010,0.707,0.53,0.641,0.504,0.939,
ZZK.WORLD,2011,0.713,0.536,0.644,0.503,0.939,
ZZK.WORLD,2012,0.717,0.539,0.647,0.499,0.94,
ZZK.WORLD,2013,0.721,0.55,0.649,0.494,0.942,
ZZK.WORLD,2014,0.726,0.557,0.654,0.488,0.942,
ZZK.WORLD,2015,0.731,0.561,0.659,0.48,0.942,
ZZK.WORLD,2016,0.735,0.567,0.663,0.475,0.943,
ZZK.WORLD,2017,0.739,0.57,0.667,0.471,0.944,
ZZK.WORLD,2018,0.741,0.573,0.668,0.467,0.943,
ZZK.WORLD,2019,0.745,0.578,0.671,0.464,0.946,
ZZK.WORLD,2020,0.742,0.577,0.671,0.459,0.952,
ZZK.WORLD,2021,0.742,0.578,0.668,0.458,0.953,
ZZK.WORLD,2022,0.752,0.587,0.677,0.457,0.954,
ZZK.WORLD,2023,0.756,0.59,0.68,0.455,0.955,
